State,District,Year,Predicted_RiskScore
Andaman and Nicobar Island,Nicobar,2025,0.1756491541677335
Andaman and Nicobar Island,North & Middle Andaman,2025,0.19095324035778988
Andaman and Nicobar Island,South Andaman,2025,0.14532697673396505
Andhra Pradesh,Anantapur,2025,0.28643735510750795
Andhra Pradesh,Chittoor,2025,0.2683915219117319
Andhra Pradesh,East Godavari,2025,0.2194230514494155
Andhra Pradesh,Guntur,2025,0.23347547203829203
Andhra Pradesh,Krishna,2025,0.20975374739889008
Andhra Pradesh,Kurnool,2025,0.2949870188873235
Andhra Pradesh,Prakasam,2025,0.27511273984045287
Andhra Pradesh,Sri Potti Sriramulu Nellore,2025,0.24118638935728848
Andhra Pradesh,Srikakulam,2025,0.2914813140458081
Andhra Pradesh,Visakhapatnam,2025,0.2482334441014309
Andhra Pradesh,Vizianagaram,2025,0.3163641374125977
Andhra Pradesh,West Godavari,2025,0.21398416175638477
Andhra Pradesh,Y.S.R.,2025,0.23406862059774922
Assam,Baksa,2025,0.2510234929747081
Assam,Barpeta,2025,0.2977136615300317
Assam,Bongaigaon,2025,0.2640878342493967
Assam,Cachar,2025,0.2847164379890087
Assam,Chirang,2025,0.2860493899619961
Assam,Darrang,2025,0.27660037019994044
Assam,Dhemaji,2025,0.2715747557768267
Assam,Dibrugarh,2025,0.2221070799333065
Assam,Dima Hasao,2025,0.21763176249112848
Assam,Goalpara,2025,0.2624598128514029
Assam,Golaghat,2025,0.21518160733853614
Assam,Hailakandi,2025,0.293325670809471
Assam,Kamrup Metropolitan,2025,0.18926774483464534
Assam,Kamrup,2025,0.24004724189227894
Assam,Karimganj,2025,0.28095886794207786
Assam,Kokrajhar,2025,0.27674006293328135
Assam,Lakhimpur,2025,0.2371193577814525
Assam,Morigaon,2025,0.2854943340202158
Assam,Nalbari,2025,0.2345264862321274
Assam,Tinsukia,2025,0.26901207551109024
Assam,Udalguri,2025,0.2588652799220349
Bihar,Araria,2025,0.45021612554536466
Bihar,Arwal,2025,0.3901999881915702
Bihar,Aurangabad,2025,0.369188534396847
Bihar,Banka,2025,0.41780724755269366
Bihar,Begusarai,2025,0.35198632184409995
Bihar,Bhagalpur,2025,0.3473216131906928
Bihar,Bhojpur,2025,0.36341254420379243
Bihar,Buxar,2025,0.3499695287510374
Bihar,Darbhanga,2025,0.39906434032357013
Bihar,Gaya,2025,0.3909737048572459
Bihar,Gopalganj,2025,0.35361980050810343
Bihar,Jamui,2025,0.42808572629661007
Bihar,Jehanabad,2025,0.37512105698370657
Bihar,Kaimur (Bhabua),2025,0.3668283665227337
Bihar,Katihar,2025,0.4135616205877961
Bihar,Khagaria,2025,0.3760204129659467
Bihar,Kishanganj,2025,0.4180586483841613
Bihar,Lakhisarai,2025,0.36451964637790857
Bihar,Madhepura,2025,0.4462558056871066
Bihar,Madhubani,2025,0.4181654823000781
Bihar,Munger,2025,0.31704925294466463
Bihar,Muzaffarpur,2025,0.3610887231844429
Bihar,Nalanda,2025,0.37825006036431236
Bihar,Nawada,2025,0.3755615033623074
Bihar,Pashchim Champaran,2025,0.40796573412701226
Bihar,Patna,2025,0.2978950466512677
Bihar,Purba Champaran,2025,0.4128698851106063
Bihar,Purnia,2025,0.4354789385770039
Bihar,Rohtas,2025,0.3219217008129741
Bihar,Saharsa,2025,0.438801051648909
Bihar,Samastipur,2025,0.3966234691614493
Bihar,Saran,2025,0.3847960522314592
Bihar,Sheikhpura,2025,0.3733409164886566
Bihar,Sheohar,2025,0.39459587326924567
Bihar,Sitamarhi,2025,0.4016379351213262
Bihar,Siwan,2025,0.35419413668993954
Bihar,Supaul,2025,0.4297956101732376
Bihar,Vaishali,2025,0.3594424724926281
Dadra & Nagar Haveli and Daman & Diu,Dadra & Nagar Haveli,2025,0.2980804889396961
Dadra & Nagar Haveli and Daman & Diu,Daman,2025,0.19926544150154918
Dadra & Nagar Haveli and Daman & Diu,Diu,2025,0.18451710258146473
Goa,North Goa,2025,0.13788603869283986
Goa,South Goa,2025,0.15361908062265114
Gujarat,Amreli,2025,0.2186456232806431
Gujarat,Anand,2025,0.19994451668380633
Gujarat,Banaskantha,2025,0.3381252721605831
Gujarat,Bharuch,2025,0.21105001034150464
Gujarat,Dahod,2025,0.4066137358451864
Gujarat,Gandhinagar,2025,0.21100762313693114
Gujarat,Kachchh,2025,0.2566730233476941
Gujarat,Mahesana,2025,0.22498758743598438
Gujarat,Narmada,2025,0.3100580557380724
Gujarat,Navsari,2025,0.18591357949487322
Gujarat,Patan,2025,0.271203284627683
Gujarat,Porbandar,2025,0.18929096702052836
Gujarat,Surat,2025,0.17531797530766755
Gujarat,Tapi,2025,0.2701046598944818
Gujarat,The Dangs,2025,0.31736753757858027
Gujarat,Valsad,2025,0.20703197893839165
Himachal Pradesh,Bilaspur,2025,0.18907579433397245
Himachal Pradesh,Chamba,2025,0.20929135324639797
Himachal Pradesh,Hamirpur,2025,0.14866558031375166
Himachal Pradesh,Kangra,2025,0.18919900004791868
Himachal Pradesh,Kinnaur,2025,0.19998550727804928
Himachal Pradesh,Kullu,2025,0.19850461208505002
Himachal Pradesh,Lahul and Spiti,2025,0.2524277490238659
Himachal Pradesh,Mandi,2025,0.18457551243148504
Himachal Pradesh,Shimla,2025,0.1666622911384658
Himachal Pradesh,Sirmaur,2025,0.20585694899256626
Himachal Pradesh,Solan,2025,0.18483156049091862
Himachal Pradesh,Una,2025,0.17338618008950907
Jammu and Kashmir,Anantnag,2025,0.24304537564455425
Jammu and Kashmir,Badgam,2025,0.2703468884683561
Jammu and Kashmir,Bandipore,2025,0.3020865583530416
Jammu and Kashmir,Baramula,2025,0.2501565314359442
Jammu and Kashmir,Doda,2025,0.30641695275011266
Jammu and Kashmir,Ganderbal,2025,0.26744199958916887
Jammu and Kashmir,Jammu,2025,0.19067838340922202
Jammu and Kashmir,Kathua,2025,0.23938557898882562
Jammu and Kashmir,Kishtwar,2025,0.3137193572485233
Jammu and Kashmir,Kulgam,2025,0.26364308979541246
Jammu and Kashmir,Kupwara,2025,0.2971951793972589
Jammu and Kashmir,Pulwama,2025,0.21262798062054072
Jammu and Kashmir,Punch,2025,0.2730910690766938
Jammu and Kashmir,Rajouri,2025,0.2929994848414669
Jammu and Kashmir,Ramban,2025,0.3591323126585576
Jammu and Kashmir,Reasi,2025,0.3028722370084849
Jammu and Kashmir,Samba,2025,0.23910050232491664
Jammu and Kashmir,Shupiyan,2025,0.23192420500550498
Jammu and Kashmir,Srinagar,2025,0.21004056633722545
Jammu and Kashmir,Udhampur,2025,0.2873636517557012
Karnataka,Bagalkot,2025,0.3361859282494057
Karnataka,Bangalore Rural,2025,0.18288838636679258
Karnataka,Bangalore,2025,0.13538768991708147
Karnataka,Belgaum,2025,0.26818703331446503
Karnataka,Bellary,2025,0.30291171577103204
Karnataka,Bidar,2025,0.3152909450021405
Karnataka,Bijapur,2025,0.35085448914089196
Karnataka,Chamarajanagar,2025,0.2778201057315921
Karnataka,Chikkaballapura,2025,0.2413974978996783
Karnataka,Chikmagalur,2025,0.18607289464387894
Karnataka,Chitradurga,2025,0.26076746345191804
Karnataka,Dakshina Kannada,2025,0.12136267436810605
Karnataka,Davanagere,2025,0.21134193739326723
Karnataka,Dharwad,2025,0.2062382907044683
Karnataka,Gadag,2025,0.30063852546595327
Karnataka,Gulbarga,2025,0.3563440095481936
Karnataka,Hassan,2025,0.19615199290395552
Karnataka,Haveri,2025,0.24722121734195093
Karnataka,Kodagu,2025,0.15010571535523848
Karnataka,Kolar,2025,0.21040576669382866
Karnataka,Koppal,2025,0.30614813615135456
Karnataka,Mandya,2025,0.21709423753800408
Karnataka,Mysore,2025,0.2033724162138802
Karnataka,Raichur,2025,0.3614180445487171
Karnataka,Ramanagara,2025,0.20568531921272354
Karnataka,Shimoga,2025,0.18239405865628536
Karnataka,Tumkur,2025,0.21871111047276087
Karnataka,Udupi,2025,0.13274233015769388
Karnataka,Uttara Kannada,2025,0.16871635983418795
Karnataka,Yadgir,2025,0.4060412571591421
Kerala,Alappuzha,2025,0.06769454151946264
Kerala,Ernakulam,2025,0.07115008002065507
Kerala,Idukki,2025,0.08941398736803978
Kerala,Kannur,2025,0.08601860099129409
Kerala,Kasaragod,2025,0.10750139075337195
Kerala,Kollam,2025,0.07891522782414043
Kerala,Kottayam,2025,0.06682340061516734
Kerala,Kozhikode,2025,0.07582918775493457
Kerala,Malappuram,2025,0.10364244754502093
Kerala,Palakkad,2025,0.09382880353318847
Kerala,Pathanamthitta,2025,0.06694776551973992
Kerala,Thiruvananthapuram,2025,0.08974609497600154
Kerala,Thrissur,2025,0.0702624486084783
Kerala,Wayanad,2025,0.1098285776117223
Ladakh,Kargil,2025,0.35120401251614414
Ladakh,Leh (Ladakh),2025,0.33998855303474557
Maharashtra,Ahmednagar,2025,0.22426019992070928
Maharashtra,Akola,2025,0.21663892770458285
Maharashtra,Amravati,2025,0.1827037541164079
Maharashtra,Aurangabad,2025,0.25751769144847086
Maharashtra,Bhandara,2025,0.18528745340813982
Maharashtra,Bid,2025,0.2924218980419953
Maharashtra,Buldana,2025,0.24794801828493918
Maharashtra,Chandrapur,2025,0.2170357124666185
Maharashtra,Dhule,2025,0.3038029469534269
Maharashtra,Gadchiroli,2025,0.2900731125623363
Maharashtra,Gondiya,2025,0.2125180147968406
Maharashtra,Hingoli,2025,0.27759610994002565
Maharashtra,Jalgaon,2025,0.2636671289963128
Maharashtra,Jalna,2025,0.30087030388175584
Maharashtra,Kolhapur,2025,0.18629944972488918
Maharashtra,Latur,2025,0.26527215516266733
Maharashtra,Mumbai Suburban,2025,0.24483480361856283
Maharashtra,Mumbai,2025,0.21100750791556588
Maharashtra,Nagpur,2025,0.15245264333910583
Maharashtra,Nanded,2025,0.277804432238728
Maharashtra,Nandurbar,2025,0.34828681249460675
Maharashtra,Nashik,2025,0.2395245803939748
Maharashtra,Osmanabad,2025,0.2840295766940286
Maharashtra,Parbhani,2025,0.3139355773928272
Maharashtra,Pune,2025,0.18616393635707962
Maharashtra,Raigarh,2025,0.19711963627594808
Maharashtra,Ratnagiri,2025,0.1769334516320938
Maharashtra,Sangli,2025,0.17855543616876451
Maharashtra,Satara,2025,0.19932431223703062
Maharashtra,Sindhudurg,2025,0.14483961463267678
Maharashtra,Solapur,2025,0.2544187641300885
Maharashtra,Wardha,2025,0.18544073169582262
Maharashtra,Washim,2025,0.2587014327664283
Maharashtra,Yavatmal,2025,0.24671643598488527
Meghalaya,East Khasi Hills,2025,0.204564984125335
Meghalaya,Ribhoi,2025,0.24840181977515133
Meghalaya,South Garo Hills,2025,0.1673079279079856
Manipur,Bishnupur,2025,0.2728424544889138
Manipur,Chandel,2025,0.22740197881761315
Manipur,Churachandpur,2025,0.2236801760301328
Manipur,Imphal East,2025,0.24494326458754087
Manipur,Imphal West,2025,0.23020015597922242
Manipur,Senapati,2025,0.22942028374237153
Manipur,Tamenglong,2025,0.24870907814416898
Manipur,Thoubal,2025,0.26244274623669506
Manipur,Ukhrul,2025,0.21958457673528248
Mizoram,Aizawl,2025,0.11023651083699493
Mizoram,Champhai,2025,0.13238061086145667
Mizoram,Kolasib,2025,0.13476260779960925
Mizoram,Lawngtlai,2025,0.22587753722941392
Mizoram,Lunglei,2025,0.14285150099150695
Mizoram,Mamit,2025,0.19049769659315138
Mizoram,Saiha,2025,0.16665230535434203
Mizoram,Serchhip,2025,0.12129567185580584
Nagaland,Dimapur,2025,0.18778998154942952
Nagaland,Kiphire,2025,0.21805386784302977
Nagaland,Kohima,2025,0.15956855460285327
Nagaland,Longleng,2025,0.1991600007074762
Nagaland,Mokokchung,2025,0.11271663031893218
Nagaland,Mon,2025,0.19973456733204284
Nagaland,Peren,2025,0.20519505564638238
Nagaland,Phek,2025,0.18591067454133356
Nagaland,Tuensang,2025,0.21060596070419893
Nagaland,Wokha,2025,0.16606414968694677
Nagaland,Zunheboto,2025,0.15490628652903782
Sikkim,East District,2025,0.14948934460989827
Sikkim,North District,2025,0.15997115276045495
Sikkim,South District,2025,0.13674201355713372
Sikkim,West District,2025,0.14514373760542423
Tripura,Dhalai,2025,0.2557561328883114
West Bengal,Bankura,2025,0.3081774708294979
West Bengal,Birbhum,2025,0.29917551390267927
West Bengal,Dakshin Dinajpur,2025,0.23511603153287963
West Bengal,Darjeeling,2025,0.19004227153836492
West Bengal,Haora,2025,0.20134168841389316
West Bengal,Hugli,2025,0.20338995069102284
West Bengal,Jalpaiguri,2025,0.2465954369193134
West Bengal,Koch Bihar,2025,0.23720075937462523
West Bengal,Kolkata,2025,0.2113427509197978
West Bengal,Maldah,2025,0.2942681123014499
West Bengal,Murshidabad,2025,0.26521699941876925
West Bengal,Nadia,2025,0.19986392861716418
West Bengal,North Twenty Four Parganas,2025,0.1741215771832641
West Bengal,Paschim Medinipur,2025,0.27036628392977724
West Bengal,Purba Medinipur,2025,0.2032392282042971
West Bengal,Puruliya,2025,0.3923363872283609
West Bengal,South Twenty Four Parganas,2025,0.23515261231886084
West Bengal,Uttar Dinajpur,2025,0.32728627323190324
Andaman and Nicobar Island,Nicobar,2026,0.17126631846206966
Andaman and Nicobar Island,North & Middle Andaman,2026,0.18618853378167322
Andaman and Nicobar Island,South Andaman,2026,0.14170074656141574
Andhra Pradesh,Anantapur,2026,0.2792901082371799
Andhra Pradesh,Chittoor,2026,0.2616945585764636
Andhra Pradesh,East Godavari,2026,0.2139479599860097
Andhra Pradesh,Guntur,2026,0.22764974153537726
Andhra Pradesh,Krishna,2026,0.20451992650261203
Andhra Pradesh,Kurnool,2026,0.2876264389561951
Andhra Pradesh,Prakasam,2026,0.2682480672209405
Andhra Pradesh,Sri Potti Sriramulu Nellore,2026,0.23516825437677033
Andhra Pradesh,Srikakulam,2026,0.2842082092205276
Andhra Pradesh,Visakhapatnam,2026,0.24203946948593844
Andhra Pradesh,Vizianagaram,2026,0.30847015099397035
Andhra Pradesh,West Godavari,2026,0.20864478264558736
Andhra Pradesh,Y.S.R.,2026,0.2282280897236202
Assam,Baksa,2026,0.2447599004559568
Assam,Barpeta,2026,0.2902850458216309
Assam,Bongaigaon,2026,0.25749825746000665
Assam,Cachar,2026,0.27761213181503175
Assam,Chirang,2026,0.2789118236819354
Assam,Darrang,2026,0.2696985779057716
Assam,Dhemaji,2026,0.2647983637012976
Assam,Dibrugarh,2026,0.21656501601034087
Assam,Dima Hasao,2026,0.2122013676574488
Assam,Goalpara,2026,0.2559108588042431
Assam,Golaghat,2026,0.209812349306443
Assam,Hailakandi,2026,0.2860065451951006
Assam,Kamrup Metropolitan,2026,0.1845450951075672
Assam,Kamrup,2026,0.23405753116582176
Assam,Karimganj,2026,0.27394832146905856
Assam,Kokrajhar,2026,0.2698347849958004
Assam,Lakhimpur,2026,0.23120270425292933
Assam,Morigaon,2026,0.2783706176161298
Assam,Nalbari,2026,0.22867453059560622
Assam,Tinsukia,2026,0.2622996279881216
Assam,Udalguri,2026,0.25240601743839364
Bihar,Araria,2026,0.4389822353529783
Bihar,Arwal,2026,0.38046363364606234
Bihar,Aurangabad,2026,0.3599764621933508
Bihar,Banka,2026,0.4073820306973343
Bihar,Begusarai,2026,0.3432034829708172
Bihar,Bhagalpur,2026,0.3386551691371833
Bihar,Bhojpur,2026,0.3543445957575305
Bihar,Buxar,2026,0.34123701333545126
Bihar,Darbhanga,2026,0.389106800545399
Bihar,Gaya,2026,0.38121804436606216
Bihar,Gopalganj,2026,0.344796202721708
Bihar,Jamui,2026,0.41740403861534664
Bihar,Jehanabad,2026,0.3657609551928119
Bihar,Kaimur (Bhabua),2026,0.357675185738778
Bihar,Katihar,2026,0.40324234153522803
Bihar,Khagaria,2026,0.3666378702499605
Bihar,Kishanganj,2026,0.40762715852085146
Bihar,Lakhisarai,2026,0.3554240732786187
Bihar,Madhepura,2026,0.43512073425284564
Bihar,Madhubani,2026,0.40773132669377915
Bihar,Munger,2026,0.3091381713750206
Bihar,Muzaffarpur,2026,0.35207875922313586
Bihar,Nalanda,2026,0.3688118830039414
Bihar,Nawada,2026,0.36619041145806025
Bihar,Pashchim Champaran,2026,0.39778608484437605
Bihar,Patna,2026,0.29046190498206964
Bihar,Purba Champaran,2026,0.40256786639135816
Bihar,Purnia,2026,0.42461277386301244
Bihar,Rohtas,2026,0.31388904086971137
Bihar,Saharsa,2026,0.4278519928506346
Bihar,Samastipur,2026,0.38672683452872536
Bihar,Saran,2026,0.3751945378654519
Bihar,Sheikhpura,2026,0.36402523314862073
Bihar,Sheohar,2026,0.38474983164800025
Bihar,Sitamarhi,2026,0.3916161784488297
Bihar,Siwan,2026,0.3453562079428473
Bihar,Supaul,2026,0.41907125709946186
Bihar,Vaishali,2026,0.3504735861348356
Dadra & Nagar Haveli and Daman & Diu,Dadra & Nagar Haveli,2026,0.290642720074387
Dadra & Nagar Haveli and Daman & Diu,Daman,2026,0.19429332708371447
Dadra & Nagar Haveli and Daman & Diu,Diu,2026,0.17991299190793755
Goa,North Goa,2026,0.13444547641652838
Goa,South Goa,2026,0.14978594407944149
Gujarat,Amreli,2026,0.2131899303731417
Gujarat,Anand,2026,0.19495545783507057
Gujarat,Banaskantha,2026,0.3296882971985657
Gujarat,Bharuch,2026,0.20578384481176826
Gujarat,Dahod,2026,0.39646782191625374
Gujarat,Gandhinagar,2026,0.20574251526189596
Gujarat,Kachchh,2026,0.250268462524505
Gujarat,Mahesana,2026,0.21937364846646362
Gujarat,Narmada,2026,0.302321420034038
Gujarat,Navsari,2026,0.18127462362720195
Gujarat,Patan,2026,0.2644361615806546
Gujarat,Porbandar,2026,0.18456773784844271
Gujarat,Surat,2026,0.17094340324858792
Gujarat,Tapi,2026,0.263364949969541
Gujarat,The Dangs,2026,0.3094485141018733
Gujarat,Valsad,2026,0.20186607219773675
Himachal Pradesh,Bilaspur,2026,0.1843579341973256
Himachal Pradesh,Chamba,2026,0.20406907010907605
Himachal Pradesh,Hamirpur,2026,0.1449560445821982
Himachal Pradesh,Kangra,2026,0.18447806565563546
Himachal Pradesh,Kinnaur,2026,0.19499542562313552
Himachal Pradesh,Kullu,2026,0.193551482047461
Himachal Pradesh,Lahul and Spiti,2026,0.24612911720429187
Himachal Pradesh,Mandi,2026,0.17996994430274016
Himachal Pradesh,Shimla,2026,0.16250369758388555
Himachal Pradesh,Sirmaur,2026,0.20072036185339873
Himachal Pradesh,Solan,2026,0.18021960339558535
Himachal Pradesh,Una,2026,0.16905981060275774
Jammu and Kashmir,Anantnag,2026,0.23698085483590745
Jammu and Kashmir,Badgam,2026,0.2636011344036212
Jammu and Kashmir,Bandipore,2026,0.2945488291768084
Jammu and Kashmir,Baramula,2026,0.24391457152912055
Jammu and Kashmir,Doda,2026,0.2987711706357767
Jammu and Kashmir,Ganderbal,2026,0.26076872894037195
Jammu and Kashmir,Jammu,2026,0.18592053512316567
Jammu and Kashmir,Kathua,2026,0.23341237821832073
Jammu and Kashmir,Kishtwar,2026,0.30589136395688626
Jammu and Kashmir,Kulgam,2026,0.25706461036588196
Jammu and Kashmir,Kupwara,2026,0.28977950096723576
Jammu and Kashmir,Pulwama,2026,0.20732244123492555
Jammu and Kashmir,Punch,2026,0.26627684162357285
Jammu and Kashmir,Rajouri,2026,0.28568849828995757
Jammu and Kashmir,Ramban,2026,0.3501711654760641
Jammu and Kashmir,Reasi,2026,0.2953149034084185
Jammu and Kashmir,Samba,2026,0.23313441484902084
Jammu and Kashmir,Shupiyan,2026,0.22613718205328998
Jammu and Kashmir,Srinagar,2026,0.2047995886727298
Jammu and Kashmir,Udhampur,2026,0.2801932917309548
Karnataka,Bagalkot,2026,0.3277973442163383
Karnataka,Bangalore Rural,2026,0.17832491577271176
Karnataka,Bangalore,2026,0.13200946698007096
Karnataka,Belgaum,2026,0.2614951724229276
Karnataka,Bellary,2026,0.2953533970883392
Karnataka,Bidar,2026,0.3074237371127801
Karnataka,Bijapur,2026,0.34209989200215074
Karnataka,Chamarajanagar,2026,0.270887878332484
Karnataka,Chikkaballapura,2026,0.23537409529312606
Karnataka,Chikmagalur,2026,0.18142996351013352
Karnataka,Chitradurga,2026,0.25426073727320236
Karnataka,Dakshina Kannada,2026,0.11833440665411839
Karnataka,Davanagere,2026,0.2060684876365616
Karnataka,Dharwad,2026,0.2010921882443822
Karnataka,Gadag,2026,0.2931369279196762
Karnataka,Gulbarga,2026,0.34745243670830495
Karnataka,Hassan,2026,0.19125756592928522
Karnataka,Haveri,2026,0.2410525000276092
Karnataka,Kodagu,2026,0.1463602450624814
Karnataka,Kolar,2026,0.20515567647100486
Karnataka,Koppal,2026,0.2985090616069633
Karnataka,Mandya,2026,0.21167725514327634
Karnataka,Mysore,2026,0.19829782367426488
Karnataka,Raichur,2026,0.3523998632894628
Karnataka,Ramanagara,2026,0.20055301461696368
Karnataka,Shimoga,2026,0.17784292263421073
Karnataka,Tumkur,2026,0.21325378351467017
Karnataka,Udupi,2026,0.1294301148098614
Karnataka,Uttara Kannada,2026,0.16450651271300698
Karnataka,Yadgir,2026,0.3959096278422693
Kerala,Alappuzha,2026,0.06600541267021853
Kerala,Ernakulam,2026,0.06937472782694293
Kerala,Idukki,2026,0.08718291020584523
Kerala,Kannur,2026,0.08387224624474131
Kerala,Kasaragod,2026,0.10481899278775197
Kerala,Kollam,2026,0.07694611798204035
Kerala,Kottayam,2026,0.06515600866228405
Kerala,Kozhikode,2026,0.0739370814524673
Kerala,Malappuram,2026,0.10105633876541968
Kerala,Palakkad,2026,0.09148756692266502
Kerala,Pathanamthitta,2026,0.0652772703868449
Kerala,Thiruvananthapuram,2026,0.0875067309929043
Kerala,Thrissur,2026,0.06850924478584823
Kerala,Wayanad,2026,0.10708811117600431
Ladakh,Kargil,2026,0.34244069399450605
Ladakh,Leh (Ladakh),2026,0.3315050850851379
Maharashtra,Ahmednagar,2026,0.21866441088187796
Maharashtra,Akola,2026,0.2112333062993487
Maharashtra,Amravati,2026,0.1781448905061935
Maharashtra,Aurangabad,2026,0.2510920542840432
Maharashtra,Bhandara,2026,0.1806641207740798
Maharashtra,Bid,2026,0.2851253235612975
Maharashtra,Buldana,2026,0.24176116567618663
Maharashtra,Chandrapur,2026,0.21162019040213695
Maharashtra,Dhule,2026,0.2962223900774065
Maharashtra,Gadchiroli,2026,0.2828351454852093
Maharashtra,Gondiya,2026,0.20721521930225523
Maharashtra,Hingoli,2026,0.2706694717323819
Maharashtra,Jalgaon,2026,0.2570880497354393
Maharashtra,Jalna,2026,0.2933629229502903
Maharashtra,Kolhapur,2026,0.1816508655397354
Maharashtra,Latur,2026,0.25865302694155967
Maharashtra,Mumbai Suburban,2026,0.23872563261587235
Maharashtra,Mumbai,2026,0.20574240291555915
Maharashtra,Nagpur,2026,0.14864861199141483
Maharashtra,Nanded,2026,0.27087259592800567
Maharashtra,Nandurbar,2026,0.33959628457919466
Maharashtra,Nashik,2026,0.23354791123032845
Maharashtra,Osmanabad,2026,0.2769424092317224
Maharashtra,Parbhani,2026,0.3061021889293589
Maharashtra,Pune,2026,0.1815187335308048
Maharashtra,Raigarh,2026,0.19220106445445964
Maharashtra,Ratnagiri,2026,0.17251856985817443
Maharashtra,Sangli,2026,0.17410008228568502
Maharashtra,Satara,2026,0.19435072886386442
Maharashtra,Sindhudurg,2026,0.14122554522474506
Maharashtra,Solapur,2026,0.2480704520707239
Maharashtra,Wardha,2026,0.1808135744287586
Maharashtra,Washim,2026,0.25224625863247063
Maharashtra,Yavatmal,2026,0.24056031408420084
Meghalaya,East Khasi Hills,2026,0.1994606343731187
Meghalaya,Ribhoi,2026,0.24220364381341136
Meghalaya,South Garo Hills,2026,0.16313322428501503
Manipur,Bishnupur,2026,0.2660344305207879
Manipur,Chandel,2026,0.2217277954318583
Manipur,Churachandpur,2026,0.21809885987293762
Manipur,Imphal East,2026,0.23883138724328123
Manipur,Imphal West,2026,0.22445615187139928
Manipur,Senapati,2026,0.2236957391753684
Manipur,Tamenglong,2026,0.24250323540511387
Manipur,Thoubal,2026,0.25589421803939866
Manipur,Ukhrul,2026,0.21410545485798926
Mizoram,Aizawl,2026,0.10748586556316227
Mizoram,Champhai,2026,0.12907742121178079
Mizoram,Kolasib,2026,0.1313999820468631
Mizoram,Lawngtlai,2026,0.22024139204006038
Mizoram,Lunglei,2026,0.13928703942538195
Mizoram,Mamit,2026,0.18574435684363066
Mizoram,Saiha,2026,0.16249396096720817
Mizoram,Serchhip,2026,0.11826907600300458
Nagaland,Dimapur,2026,0.18310420529163537
Nagaland,Kiphire,2026,0.2126129405452649
Nagaland,Kohima,2026,0.1555869654974101
Nagaland,Longleng,2026,0.19419051727115283
Nagaland,Mokokchung,2026,0.10990410056708282
Nagaland,Mon,2026,0.19475074718496577
Nagaland,Peren,2026,0.200074984213224
Nagaland,Phek,2026,0.18127179115869166
Nagaland,Tuensang,2026,0.20535087519710593
Nagaland,Wokha,2026,0.16192048108730397
Nagaland,Zunheboto,2026,0.15104103134549773
Sikkim,East District,2026,0.14575925413336294
Sikkim,North District,2026,0.15597951793866016
Sikkim,South District,2026,0.133329997243578
Sikkim,West District,2026,0.14152207965526364
Tripura,Dhalai,2026,0.249374450514282
West Bengal,Bankura,2026,0.30048775988706505
West Bengal,Birbhum,2026,0.29171042173752804
West Bengal,Dakshin Dinajpur,2026,0.22924936543443517
West Bengal,Darjeeling,2026,0.18530029565336623
West Bengal,Haora,2026,0.19631776703379716
West Bengal,Hugli,2026,0.19831492062733935
West Bengal,Jalpaiguri,2026,0.2404423342134976
West Bengal,Koch Bihar,2026,0.23128207469593376
West Bengal,Kolkata,2026,0.20606928086380213
West Bengal,Maldah,2026,0.2869254706830252
West Bengal,Murshidabad,2026,0.25859924745571916
West Bengal,Nadia,2026,0.1948768806193067
West Bengal,North Twenty Four Parganas,2026,0.1697768579090878
West Bengal,Paschim Medinipur,2026,0.26362004590529176
West Bengal,Purba Medinipur,2026,0.19816795900071907
West Bengal,Puruliya,2026,0.3825467247917655
West Bengal,South Twenty Four Parganas,2026,0.2292850334487284
West Bengal,Uttar Dinajpur,2026,0.31911975531673786
Andaman and Nicobar Island,Nicobar,2027,0.16688348275640763
Andaman and Nicobar Island,North & Middle Andaman,2027,0.18142382720555852
Andaman and Nicobar Island,South Andaman,2027,0.13807451638886795
Andhra Pradesh,Anantapur,2027,0.2721428613668549
Andhra Pradesh,Chittoor,2027,0.2549975952411981
Andhra Pradesh,East Godavari,2027,0.20847286852260613
Andhra Pradesh,Guntur,2027,0.2218240110324649
Andhra Pradesh,Krishna,2027,0.19928610560633614
Andhra Pradesh,Kurnool,2027,0.2802658590250698
Andhra Pradesh,Prakasam,2027,0.26138339460143106
Andhra Pradesh,Sri Potti Sriramulu Nellore,2027,0.22915011939625465
Andhra Pradesh,Srikakulam,2027,0.2769351043952501
Andhra Pradesh,Visakhapatnam,2027,0.23584549487044856
Andhra Pradesh,Vizianagaram,2027,0.30057616457534625
Andhra Pradesh,West Godavari,2027,0.20330540353479218
Andhra Pradesh,Y.S.R.,2027,0.22238755884949357
Assam,Baksa,2027,0.23849630793720814
Assam,Barpeta,2027,0.28285643011323314
Assam,Bongaigaon,2027,0.25090868067061933
Assam,Cachar,2027,0.2705078256410578
Assam,Chirang,2027,0.2717742574018777
Assam,Darrang,2027,0.2627967856116057
Assam,Dhemaji,2027,0.2580219716257714
Assam,Dibrugarh,2027,0.2110229520873775
Assam,Dima Hasao,2027,0.20677097282377133
Assam,Goalpara,2027,0.249361904757086
Assam,Golaghat,2027,0.20444309127435206
Assam,Hailakandi,2027,0.2786874195807333
Assam,Kamrup Metropolitan,2027,0.179822445380491
Assam,Kamrup,2027,0.22806782043936707
Assam,Karimganj,2027,0.26693777499604215
Assam,Kokrajhar,2027,0.2629295070583223
Assam,Lakhimpur,2027,0.22528605072440863
Assam,Morigaon,2027,0.2712469012120467
Assam,Nalbari,2027,0.22282257495908747
Assam,Tinsukia,2027,0.2555871804651557
Assam,Udalguri,2027,0.24594675495475507
Bihar,Araria,2027,0.4277483451605967
Bihar,Arwal,2027,0.3707272791005585
Bihar,Aurangabad,2027,0.35076438998985837
Bihar,Banka,2027,0.39695681384197923
Bihar,Begusarai,2027,0.3344206440975381
Bihar,Bhagalpur,2027,0.3299887250836774
Bihar,Bhojpur,2027,0.3452766473112724
Bihar,Buxar,2027,0.3325044979198688
Bihar,Darbhanga,2027,0.37914926076723193
Bihar,Gaya,2027,0.37146238387488234
Bihar,Gopalganj,2027,0.3359726049353163
Bihar,Jamui,2027,0.40672235093408765
Bihar,Jehanabad,2027,0.356400853401921
Bihar,Kaimur (Bhabua),2027,0.34852200495482605
Bihar,Katihar,2027,0.39292306248266423
Bihar,Khagaria,2027,0.3572553275339781
Bihar,Kishanganj,2027,0.3971956686575459
Bihar,Lakhisarai,2027,0.34632850017933264
Bihar,Madhepura,2027,0.42398566281858924
Bihar,Madhubani,2027,0.3972971710874846
Bihar,Munger,2027,0.3012270898053798
Bihar,Muzaffarpur,2027,0.3430687952618326
Bihar,Nalanda,2027,0.35937370564357435
Bihar,Nawada,2027,0.35681931955381696
Bihar,Pashchim Champaran,2027,0.38760643556174407
Bihar,Patna,2027,0.2830287633128747
Bihar,Purba Champaran,2027,0.3922658476721143
Bihar,Purnia,2027,0.41374660914902545
Bihar,Rohtas,2027,0.30585638092645195
Bihar,Saharsa,2027,0.4169029340523647
Bihar,Samastipur,2027,0.3768301998960055
Bihar,Saran,2027,0.36559302349944856
Bihar,Sheikhpura,2027,0.3547095498085887
Bihar,Sheohar,2027,0.37490379002675894
Bihar,Sitamarhi,2027,0.3815944217763374
Bihar,Siwan,2027,0.3365182791957588
Bihar,Supaul,2027,0.40834690402569057
Bihar,Vaishali,2027,0.3415046997770468
Dadra & Nagar Haveli and Daman & Diu,Dadra & Nagar Haveli,2027,0.28320495120908107
Dadra & Nagar Haveli and Daman & Diu,Daman,2027,0.18932121266588184
Dadra & Nagar Haveli and Daman & Diu,Diu,2027,0.1753088812344123
Goa,North Goa,2027,0.13100491414021834
Goa,South Goa,2027,0.1459528075362334
Gujarat,Amreli,2027,0.20773423746564254
Gujarat,Anand,2027,0.18996639898633685
Gujarat,Banaskantha,2027,0.32125132223655173
Gujarat,Bharuch,2027,0.20051767928203407
Gujarat,Dahod,2027,0.3863219079873253
Gujarat,Gandhinagar,2027,0.20047740738686298
Gujarat,Kachchh,2027,0.24386390170131864
Gujarat,Mahesana,2027,0.2137597094969452
Gujarat,Narmada,2027,0.2945847843300068
Gujarat,Navsari,2027,0.1766356677595326
Gujarat,Patan,2027,0.25766903853362894
Gujarat,Porbandar,2027,0.179844508676359
Gujarat,Surat,2027,0.16656883118951013
Gujarat,Tapi,2027,0.2566252400446031
Gujarat,The Dangs,2027,0.30152949062516954
Gujarat,Valsad,2027,0.196700165457084
Himachal Pradesh,Bilaspur,2027,0.17964007406068072
Himachal Pradesh,Chamba,2027,0.19884678697175626
Himachal Pradesh,Hamirpur,2027,0.14124650885064632
Himachal Pradesh,Kangra,2027,0.1797571312633542
Himachal Pradesh,Kinnaur,2027,0.1900053439682238
Himachal Pradesh,Kullu,2027,0.18859835200987402
Himachal Pradesh,Lahul and Spiti,2027,0.23983048538472046
Himachal Pradesh,Mandi,2027,0.17536437617399717
Himachal Pradesh,Shimla,2027,0.15834510402930702
Himachal Pradesh,Sirmaur,2027,0.1955837747142333
Himachal Pradesh,Solan,2027,0.17560764630025402
Himachal Pradesh,Una,2027,0.1647334411160082
Jammu and Kashmir,Anantnag,2027,0.23091633402726314
Jammu and Kashmir,Badgam,2027,0.25685538033888916
Jammu and Kashmir,Bandipore,2027,0.2870111000005783
Jammu and Kashmir,Baramula,2027,0.2376726116222995
Jammu and Kashmir,Doda,2027,0.2911253885214439
Jammu and Kashmir,Ganderbal,2027,0.25409545829157776
Jammu and Kashmir,Jammu,2027,0.18116268683711131
Jammu and Kashmir,Kathua,2027,0.22743917744781833
Jammu and Kashmir,Kishtwar,2027,0.29806337066525246
Jammu and Kashmir,Kulgam,2027,0.25048613093635413
Jammu and Kashmir,Kupwara,2027,0.28236382253721565
Jammu and Kashmir,Pulwama,2027,0.20201690184931256
Jammu and Kashmir,Punch,2027,0.2594626141704547
Jammu and Kashmir,Rajouri,2027,0.2783775117384512
Jammu and Kashmir,Ramban,2027,0.3412100182935743
Jammu and Kashmir,Reasi,2027,0.28775756980835515
Jammu and Kashmir,Samba,2027,0.22716832737312753
Jammu and Kashmir,Shupiyan,2027,0.22035015910107736
Jammu and Kashmir,Srinagar,2027,0.19955861100823633
Jammu and Kashmir,Udhampur,2027,0.2730229317062114
Karnataka,Bagalkot,2027,0.31940876018327446
Karnataka,Bangalore Rural,2027,0.17376144517863282
Karnataka,Bangalore,2027,0.1286312440430619
Karnataka,Belgaum,2027,0.25480331153139285
Karnataka,Bellary,2027,0.2877950784056495
Karnataka,Bidar,2027,0.29955652922342296
Karnataka,Bijapur,2027,0.33334529486341324
Karnataka,Chamarajanagar,2027,0.26395565093337875
Karnataka,Chikkaballapura,2027,0.22935069268657632
Karnataka,Chikmagalur,2027,0.17678703237639004
Karnataka,Chitradurga,2027,0.24775401109448938
Karnataka,Dakshina Kannada,2027,0.11530613894013199
Karnataka,Davanagere,2027,0.20079503787985817
Karnataka,Dharwad,2027,0.19594608578429817
Karnataka,Gadag,2027,0.2856353303734023
Karnataka,Gulbarga,2027,0.33856086386841994
Karnataka,Hassan,2027,0.18636313895461695
Karnataka,Haveri,2027,0.23488378271326998
Karnataka,Kodagu,2027,0.1426147747697259
Karnataka,Kolar,2027,0.19990558624818322
Karnataka,Koppal,2027,0.29086998706257516
Karnataka,Mandya,2027,0.20626027274855085
Karnataka,Mysore,2027,0.19322323113465167
Karnataka,Raichur,2027,0.3433816820302123
Karnataka,Ramanagara,2027,0.19542071002120595
Karnataka,Shimoga,2027,0.17329178661213798
Karnataka,Tumkur,2027,0.20779645655658172
Karnataka,Udupi,2027,0.12611789946203034
Karnataka,Uttara Kannada,2027,0.16029666559182773
Karnataka,Yadgir,2027,0.3857779985254007
Kerala,Alappuzha,2027,0.06431628382097512
Kerala,Ernakulam,2027,0.06759937563323153
Kerala,Idukki,2027,0.0849518330436516
Kerala,Kannur,2027,0.08172589149818943
Kerala,Kasaragod,2027,0.1021365948221331
Kerala,Kollam,2027,0.07497700813994107
Kerala,Kottayam,2027,0.06348861670940147
Kerala,Kozhikode,2027,0.07204497515000081
Kerala,Malappuram,2027,0.0984702299858195
Kerala,Palakkad,2027,0.08914633031214254
Kerala,Pathanamthitta,2027,0.06360677525395057
Kerala,Thiruvananthapuram,2027,0.08526736700980798
Kerala,Thrissur,2027,0.0667560409632189
Kerala,Wayanad,2027,0.10434764474028746
Ladakh,Kargil,2027,0.3336773754728716
Ladakh,Leh (Ladakh),2027,0.32302161713553373
Maharashtra,Ahmednagar,2027,0.21306862184304895
Maharashtra,Akola,2027,0.2058276848941168
Maharashtra,Amravati,2027,0.173586026895981
Maharashtra,Aurangabad,2027,0.24466641711961812
Maharashtra,Bhandara,2027,0.17604078814002172
Maharashtra,Bid,2027,0.2778287490806026
Maharashtra,Buldana,2027,0.23557431306743665
Maharashtra,Chandrapur,2027,0.20620466833765763
Maharashtra,Dhule,2027,0.28864183320138925
Maharashtra,Gadchiroli,2027,0.2755971784080854
Maharashtra,Gondiya,2027,0.20191242380767205
Maharashtra,Hingoli,2027,0.26374283352474104
Maharashtra,Jalgaon,2027,0.2505089704745685
Maharashtra,Jalna,2027,0.28585554201882796
Maharashtra,Kolhapur,2027,0.1770022813545835
Maharashtra,Latur,2027,0.25203389872045473
Maharashtra,Mumbai Suburban,2027,0.23261646161318436
Maharashtra,Mumbai,2027,0.2004772979155546
Maharashtra,Nagpur,2027,0.1448445806437254
Maharashtra,Nanded,2027,0.26394075961728614
Maharashtra,Nandurbar,2027,0.3309057566637862
Maharashtra,Nashik,2027,0.22757124206668455
Maharashtra,Osmanabad,2027,0.2698552417694191
Maharashtra,Parbhani,2027,0.29826880046589394
Maharashtra,Pune,2027,0.1768735307045319
Maharashtra,Raigarh,2027,0.18728249263297322
Maharashtra,Ratnagiri,2027,0.16810368808425685
Maharashtra,Sangli,2027,0.16964472840260736
Maharashtra,Satara,2027,0.18937714549070028
Maharashtra,Sindhudurg,2027,0.13761147581681485
Maharashtra,Solapur,2027,0.2417221400113619
Maharashtra,Wardha,2027,0.17618641716169647
Maharashtra,Washim,2027,0.24579108449851567
Maharashtra,Yavatmal,2027,0.23440419218351893
Meghalaya,East Khasi Hills,2027,0.1943562846209045
Meghalaya,Ribhoi,2027,0.23600546785167395
Meghalaya,South Garo Hills,2027,0.15895852066204622
Manipur,Bishnupur,2027,0.2592264065526648
Manipur,Chandel,2027,0.2160536120461058
Manipur,Churachandpur,2027,0.21251754371574474
Manipur,Imphal East,2027,0.23271950989902412
Manipur,Imphal West,2027,0.21871214776357853
Manipur,Senapati,2027,0.21797119460836764
Manipur,Tamenglong,2027,0.23629739266606134
Manipur,Thoubal,2027,0.24934568984210503
Manipur,Ukhrul,2027,0.20862633298069833
Mizoram,Aizawl,2027,0.10473522028933076
Mizoram,Champhai,2027,0.12577423156210626
Mizoram,Kolasib,2027,0.12803735629411836
Mizoram,Lawngtlai,2027,0.2146052468507092
Mizoram,Lunglei,2027,0.13572257785925843
Mizoram,Mamit,2027,0.18099101709411192
Mizoram,Saiha,2027,0.15833561658007606
Mizoram,Serchhip,2027,0.11524248015020458
Nagaland,Dimapur,2027,0.17841842903384314
Nagaland,Kiphire,2027,0.20717201324750226
Nagaland,Kohima,2027,0.1516053763919686
Nagaland,Longleng,2027,0.18922103383483152
Nagaland,Mokokchung,2027,0.10709157081523461
Nagaland,Mon,2027,0.18976692703789078
Nagaland,Peren,2027,0.19495491278006777
Nagaland,Phek,2027,0.17663290777605167
Nagaland,Tuensang,2027,0.20009578969001512
Nagaland,Wokha,2027,0.15777681248766287
Nagaland,Zunheboto,2027,0.1471757761619593
Sikkim,East District,2027,0.14202916365682916
Sikkim,North District,2027,0.15198788311686703
Sikkim,South District,2027,0.12991798093002366
Sikkim,West District,2027,0.13790042170510455
Tripura,Dhalai,2027,0.24299276814025525
West Bengal,Bankura,2027,0.2927980489446354
West Bengal,Birbhum,2027,0.28424532957237986
West Bengal,Dakshin Dinajpur,2027,0.2233826993359931
West Bengal,Darjeeling,2027,0.18055831976836953
West Bengal,Haora,2027,0.19129384565370328
West Bengal,Hugli,2027,0.19323989056365798
West Bengal,Jalpaiguri,2027,0.23428923150768433
West Bengal,Koch Bihar,2027,0.2253633900172447
West Bengal,Kolkata,2027,0.20079581080780864
West Bengal,Maldah,2027,0.2795828290646036
West Bengal,Murshidabad,2027,0.25198149549267185
West Bengal,Nadia,2027,0.1898898326214513
West Bengal,North Twenty Four Parganas,2027,0.16543213863491335
West Bengal,Paschim Medinipur,2027,0.2568738078808091
West Bengal,Purba Medinipur,2027,0.19309668979714317
West Bengal,Puruliya,2027,0.3727570623551742
West Bengal,South Twenty Four Parganas,2027,0.22341745457859838
West Bengal,Uttar Dinajpur,2027,0.31095323740157593
Andaman and Nicobar Island,Nicobar,2028,0.1625006470507438
Andaman and Nicobar Island,North & Middle Andaman,2028,0.17665912062944186
Andaman and Nicobar Island,South Andaman,2028,0.13444828621631863
Andhra Pradesh,Anantapur,2028,0.26499561449652687
Andhra Pradesh,Chittoor,2028,0.24830063190592983
Andhra Pradesh,East Godavari,2028,0.20299777705920033
Andhra Pradesh,Guntur,2028,0.21599828052955014
Andhra Pradesh,Krishna,2028,0.1940522847100581
Andhra Pradesh,Kurnool,2028,0.2729052790939414
Andhra Pradesh,Prakasam,2028,0.2545187219819187
Andhra Pradesh,Sri Potti Sriramulu Nellore,2028,0.2231319844157365
Andhra Pradesh,Srikakulam,2028,0.2696619995699696
Andhra Pradesh,Visakhapatnam,2028,0.22965152025495614
Andhra Pradesh,Vizianagaram,2028,0.2926821781567189
Andhra Pradesh,West Godavari,2028,0.19796602442399477
Andhra Pradesh,Y.S.R.,2028,0.21654702797536454
Assam,Baksa,2028,0.23223271541845686
Assam,Barpeta,2028,0.2754278144048323
Assam,Bongaigaon,2028,0.24431910388122932
Assam,Cachar,2028,0.2634035194670809
Assam,Chirang,2028,0.26463669112181704
Assam,Darrang,2028,0.25589499331743687
Assam,Dhemaji,2028,0.2512455795502423
Assam,Dibrugarh,2028,0.20548088816441185
Assam,Dima Hasao,2028,0.20134057799009164
Assam,Goalpara,2028,0.24281295070992617
Assam,Golaghat,2028,0.1990738332422589
Assam,Hailakandi,2028,0.2713682939663629
Assam,Kamrup Metropolitan,2028,0.17509979565341285
Assam,Kamrup,2028,0.2220781097129099
Assam,Karimganj,2028,0.25992722852302286
Assam,Kokrajhar,2028,0.25602422912084133
Assam,Lakhimpur,2028,0.21936939719588547
Assam,Morigaon,2028,0.26412318480796065
Assam,Nalbari,2028,0.21697061932256628
Assam,Tinsukia,2028,0.24887473294218707
Assam,Udalguri,2028,0.23948749247111384
Bihar,Araria,2028,0.4165144549682103
Bihar,Arwal,2028,0.36099092455505066
Bihar,Aurangabad,2028,0.34155231778636214
Bihar,Banka,2028,0.3865315969866198
Bihar,Begusarai,2028,0.32563780522425534
Bihar,Bhagalpur,2028,0.32132228103016786
Bihar,Bhojpur,2028,0.3362086988650105
Bihar,Buxar,2028,0.3237719825042827
Bihar,Darbhanga,2028,0.3691917209890608
Bihar,Gaya,2028,0.3617067233836986
Bihar,Gopalganj,2028,0.32714900714892087
Bihar,Jamui,2028,0.3960406632528242
Bihar,Jehanabad,2028,0.34704075161102627
Bihar,Kaimur (Bhabua),2028,0.3393688241708703
Bihar,Katihar,2028,0.38260378343009616
Bihar,Khagaria,2028,0.3478727848179919
Bihar,Kishanganj,2028,0.386764178794236
Bihar,Lakhisarai,2028,0.33723292708004277
Bihar,Madhepura,2028,0.4128505913843283
Bihar,Madhubani,2028,0.3868630154811856
Bihar,Munger,2028,0.2933160082357358
Bihar,Muzaffarpur,2028,0.33405883130052555
Bihar,Nalanda,2028,0.3499355282832034
Bihar,Nawada,2028,0.3474482276495698
Bihar,Pashchim Champaran,2028,0.3774267862791078
Bihar,Patna,2028,0.2755956216436767
Bihar,Purba Champaran,2028,0.3819638289528662
Bihar,Purnia,2028,0.4028804444350339
Bihar,Rohtas,2028,0.2978237209831892
Bihar,Saharsa,2028,0.4059538752540903
Bihar,Samastipur,2028,0.3669335652632816
Bihar,Saran,2028,0.35599150913344124
Bihar,Sheikhpura,2028,0.34539386646855286
Bihar,Sheohar,2028,0.3650577484055136
Bihar,Sitamarhi,2028,0.3715726651038409
Bihar,Siwan,2028,0.32768035044866656
Bihar,Supaul,2028,0.39762255095191484
Bihar,Vaishali,2028,0.33253581341925426
Dadra & Nagar Haveli and Daman & Diu,Dadra & Nagar Haveli,2028,0.27576718234377207
Dadra & Nagar Haveli and Daman & Diu,Daman,2028,0.18434909824804713
Dadra & Nagar Haveli and Daman & Diu,Diu,2028,0.17070477056088515
Goa,North Goa,2028,0.12756435186390686
Goa,South Goa,2028,0.14211967099302375
Gujarat,Amreli,2028,0.20227854455814112
Gujarat,Anand,2028,0.1849773401376011
Gujarat,Banaskantha,2028,0.31281434727453433
Gujarat,Bharuch,2028,0.19525151375229768
Gujarat,Dahod,2028,0.37617599405839264
Gujarat,Gandhinagar,2028,0.1952122995118278
Gujarat,Kachchh,2028,0.2374593408781296
Gujarat,Mahesana,2028,0.20814577052742447
Gujarat,Narmada,2028,0.28684814862597235
Gujarat,Navsari,2028,0.17199671189186133
Gujarat,Patan,2028,0.2509019154866005
Gujarat,Porbandar,2028,0.1751212795042734
Gujarat,Surat,2028,0.1621942591304305
Gujarat,Tapi,2028,0.2498855301196623
Gujarat,The Dangs,2028,0.29361046714846256
Gujarat,Valsad,2028,0.1915342587164291
Himachal Pradesh,Bilaspur,2028,0.17492221392403387
Himachal Pradesh,Chamba,2028,0.19362450383443433
Himachal Pradesh,Hamirpur,2028,0.13753697311909288
Himachal Pradesh,Kangra,2028,0.17503619687107094
Himachal Pradesh,Kinnaur,2028,0.18501526231331
Himachal Pradesh,Kullu,2028,0.183645221972285
Himachal Pradesh,Lahul and Spiti,2028,0.23353185356514644
Himachal Pradesh,Mandi,2028,0.17075880804525229
Himachal Pradesh,Shimla,2028,0.15418651047472678
Himachal Pradesh,Sirmaur,2028,0.19044718757506574
Himachal Pradesh,Solan,2028,0.17099568920492075
Himachal Pradesh,Una,2028,0.1604070716292569
Jammu and Kashmir,Anantnag,2028,0.22485181321861633
Jammu and Kashmir,Badgam,2028,0.2501096262741543
Jammu and Kashmir,Bandipore,2028,0.2794733708243451
Jammu and Kashmir,Baramula,2028,0.2314306517154759
Jammu and Kashmir,Doda,2028,0.28347960640710784
Jammu and Kashmir,Ganderbal,2028,0.24742218764278084
Jammu and Kashmir,Jammu,2028,0.17640483855105496
Jammu and Kashmir,Kathua,2028,0.22146597667731346
Jammu and Kashmir,Kishtwar,2028,0.29023537737361543
Jammu and Kashmir,Kulgam,2028,0.24390765150682361
Jammu and Kashmir,Kupwara,2028,0.2749481441071925
Jammu and Kashmir,Pulwama,2028,0.19671136246369736
Jammu and Kashmir,Punch,2028,0.25264838671733375
Jammu and Kashmir,Rajouri,2028,0.2710665251869419
Jammu and Kashmir,Ramban,2028,0.33224887111108076
Jammu and Kashmir,Reasi,2028,0.28020023620828866
Jammu and Kashmir,Samba,2028,0.22120223989723173
Jammu and Kashmir,Shupiyan,2028,0.21456313614886235
Jammu and Kashmir,Srinagar,2028,0.19431763334374066
Jammu and Kashmir,Udhampur,2028,0.265852571681465
Karnataka,Bagalkot,2028,0.3110201761502071
Karnataka,Bangalore Rural,2028,0.169197974584552
Karnataka,Bangalore,2028,0.1252530211060514
Karnataka,Belgaum,2028,0.24811145063985537
Karnataka,Bellary,2028,0.28023675972295664
Karnataka,Bidar,2028,0.29168932133406256
Karnataka,Bijapur,2028,0.3245906977246721
Karnataka,Chamarajanagar,2028,0.25702342353427066
Karnataka,Chikkaballapura,2028,0.22332729008002408
Karnataka,Chikmagalur,2028,0.17214410124264462
Karnataka,Chitradurga,2028,0.24124728491577374
Karnataka,Dakshina Kannada,2028,0.11227787122614433
Karnataka,Davanagere,2028,0.19552158812315254
Karnataka,Dharwad,2028,0.19079998332421205
Karnataka,Gadag,2028,0.2781337328271253
Karnataka,Gulbarga,2028,0.32966929102853126
Karnataka,Hassan,2028,0.18146871197994668
Karnataka,Haveri,2028,0.22871506539892822
Karnataka,Kodagu,2028,0.13886930447696882
Karnataka,Kolar,2028,0.19465549602535945
Karnataka,Koppal,2028,0.28323091251818394
Karnataka,Mandya,2028,0.20084329035382312
Karnataka,Mysore,2028,0.18814863859503633
Karnataka,Raichur,2028,0.334363500770958
Karnataka,Ramanagara,2028,0.19028840542544612
Karnataka,Shimoga,2028,0.16874065059006335
Karnataka,Tumkur,2028,0.20233912959849099
Karnataka,Udupi,2028,0.12280568411419786
Karnataka,Uttara Kannada,2028,0.15608681847064676
Karnataka,Yadgir,2028,0.37564636920852784
Kerala,Alappuzha,2028,0.06262715497173102
Kerala,Ernakulam,2028,0.0658240234395194
Kerala,Idukki,2028,0.08272075588145705
Kerala,Kannur,2028,0.07957953675163666
Kerala,Kasaragod,2028,0.09945419685651312
Kerala,Kollam,2028,0.07300789829784099
Kerala,Kottayam,2028,0.061821224756518176
Kerala,Kozhikode,2028,0.07015286884753354
Kerala,Malappuram,2028,0.09588412120621825
Kerala,Palakkad,2028,0.0868050937016191
Kerala,Pathanamthitta,2028,0.06193628012105555
Kerala,Thiruvananthapuram,2028,0.08302800302671075
Kerala,Thrissur,2028,0.06500283714058883
Kerala,Wayanad,2028,0.10160717830456946
Ladakh,Kargil,2028,0.3249140569512335
Ladakh,Leh (Ladakh),2028,0.31453814918592604
Maharashtra,Ahmednagar,2028,0.20747283280421763
Maharashtra,Akola,2028,0.20042206348888267
Maharashtra,Amravati,2028,0.1690271632857666
Maharashtra,Aurangabad,2028,0.2382407799551904
Maharashtra,Bhandara,2028,0.1714174555059617
Maharashtra,Bid,2028,0.2705321745999048
Maharashtra,Buldana,2028,0.2293874604586841
Maharashtra,Chandrapur,2028,0.20078914627317607
Maharashtra,Dhule,2028,0.2810612763253689
Maharashtra,Gadchiroli,2028,0.2683592113309584
Maharashtra,Gondiya,2028,0.19660962831308668
Maharashtra,Hingoli,2028,0.2568161953170973
Maharashtra,Jalgaon,2028,0.24392989121369496
Maharashtra,Jalna,2028,0.27834816108736243
Maharashtra,Kolhapur,2028,0.1723536971694297
Maharashtra,Latur,2028,0.24541477049934707
Maharashtra,Mumbai Suburban,2028,0.22650729061049388
Maharashtra,Mumbai,2028,0.19521219291554787
Maharashtra,Nagpur,2028,0.1410405492960344
Maharashtra,Nanded,2028,0.2570089233065638
Maharashtra,Nandurbar,2028,0.3222152287483741
Maharashtra,Nashik,2028,0.22159457290303816
Maharashtra,Osmanabad,2028,0.26276807430711285
Maharashtra,Parbhani,2028,0.29043541200242573
Maharashtra,Pune,2028,0.17222832787825706
Maharashtra,Raigarh,2028,0.18236392081148478
Maharashtra,Ratnagiri,2028,0.16368880631033744
Maharashtra,Sangli,2028,0.16518937451952787
Maharashtra,Satara,2028,0.1844035621175341
Maharashtra,Sindhudurg,2028,0.13399740640888314
Maharashtra,Solapur,2028,0.2353738279519973
Maharashtra,Wardha,2028,0.17155925989463244
Maharashtra,Washim,2028,0.239335910364558
Maharashtra,Yavatmal,2028,0.2282480702828345
Meghalaya,East Khasi Hills,2028,0.1892519348686882
Meghalaya,Ribhoi,2028,0.22980729188993396
Meghalaya,South Garo Hills,2028,0.15478381703907565
Manipur,Bishnupur,2028,0.2524183825845389
Manipur,Chandel,2028,0.21037942866035095
Manipur,Churachandpur,2028,0.20693622755854957
Manipur,Imphal East,2028,0.2266076325547645
Manipur,Imphal West,2028,0.2129681436557554
Manipur,Senapati,2028,0.2122466500413645
Manipur,Tamenglong,2028,0.23009154992700623
Manipur,Thoubal,2028,0.24279716164480866
Manipur,Ukhrul,2028,0.2031472111034051
Mizoram,Aizawl,2028,0.1019845750154981
Mizoram,Champhai,2028,0.12247104191243037
Mizoram,Kolasib,2028,0.1246747305413722
Mizoram,Lawngtlai,2028,0.20896910166135566
Mizoram,Lunglei,2028,0.13215811629313345
Mizoram,Mamit,2028,0.1762376773445912
Mizoram,Saiha,2028,0.1541772721929422
Mizoram,Serchhip,2028,0.11221588429740334
Nagaland,Dimapur,2028,0.17373265277604896
Nagaland,Kiphire,2028,0.20173108594973738
Nagaland,Kohima,2028,0.14762378728652542
Nagaland,Longleng,2028,0.18425155039850816
Nagaland,Mokokchung,2028,0.10427904106338524
Nagaland,Mon,2028,0.1847831068908137
Nagaland,Peren,2028,0.1898348413469094
Nagaland,Phek,2028,0.17199402439340977
Nagaland,Tuensang,2028,0.19484070418292215
Nagaland,Wokha,2028,0.15363314388802007
Nagaland,Zunheboto,2028,0.14331052097841923
Sikkim,East District,2028,0.13829907318029383
Sikkim,North District,2028,0.14799624829507224
Sikkim,South District,2028,0.12650596461646793
Sikkim,West District,2028,0.13427876375494396
Tripura,Dhalai,2028,0.23661108576622586
West Bengal,Bankura,2028,0.28510833800220253
West Bengal,Birbhum,2028,0.2767802374072286
West Bengal,Dakshin Dinajpur,2028,0.21751603323754864
West Bengal,Darjeeling,2028,0.17581634388337083
West Bengal,Haora,2028,0.18626992427360728
West Bengal,Hugli,2028,0.1881648604999745
West Bengal,Jalpaiguri,2028,0.2281361288018685
West Bengal,Koch Bihar,2028,0.21944470533855323
West Bengal,Kolkata,2028,0.195522340751813
West Bengal,Maldah,2028,0.27224018744617895
West Bengal,Murshidabad,2028,0.24536374352962173
West Bengal,Nadia,2028,0.1849027846235938
West Bengal,North Twenty Four Parganas,2028,0.16108741936073706
West Bengal,Paschim Medinipur,2028,0.2501275698563236
West Bengal,Purba Medinipur,2028,0.18802542059356517
West Bengal,Puruliya,2028,0.3629673999185788
West Bengal,South Twenty Four Parganas,2028,0.21754987570846596
West Bengal,Uttar Dinajpur,2028,0.30278671948641056
Andaman and Nicobar Island,Nicobar,2029,0.15811781134507996
Andaman and Nicobar Island,North & Middle Andaman,2029,0.1718944140533252
Andaman and Nicobar Island,South Andaman,2029,0.13082205604376934
Andhra Pradesh,Anantapur,2029,0.25784836762619884
Andhra Pradesh,Chittoor,2029,0.24160366857066157
Andhra Pradesh,East Godavari,2029,0.1975226855957945
Andhra Pradesh,Guntur,2029,0.21017255002663535
Andhra Pradesh,Krishna,2029,0.18881846381378006
Andhra Pradesh,Kurnool,2029,0.26554469916281304
Andhra Pradesh,Prakasam,2029,0.24765404936240637
Andhra Pradesh,Sri Potti Sriramulu Nellore,2029,0.21711384943521833
Andhra Pradesh,Srikakulam,2029,0.2623888947446891
Andhra Pradesh,Visakhapatnam,2029,0.22345754563946368
Andhra Pradesh,Vizianagaram,2029,0.28478819173809156
Andhra Pradesh,West Godavari,2029,0.19262664531319737
Andhra Pradesh,Y.S.R.,2029,0.2107064971012355
Assam,Baksa,2029,0.22596912289970558
Assam,Barpeta,2029,0.2679991986964315
Assam,Bongaigaon,2029,0.23772952709183928
Assam,Cachar,2029,0.256299213293104
Assam,Chirang,2029,0.2574991248417563
Assam,Darrang,2029,0.24899320102326802
Assam,Dhemaji,2029,0.24446918747471325
Assam,Dibrugarh,2029,0.1999388242414462
Assam,Dima Hasao,2029,0.19591018315641193
Assam,Goalpara,2029,0.23626399666276637
Assam,Golaghat,2029,0.19370457521016574
Assam,Hailakandi,2029,0.2640491683519926
Assam,Kamrup Metropolitan,2029,0.17037714592633468
Assam,Kamrup,2029,0.2160883989864527
Assam,Karimganj,2029,0.2529166820500035
Assam,Kokrajhar,2029,0.24911895118336036
Assam,Lakhimpur,2029,0.2134527436673623
Assam,Morigaon,2029,0.25699946840387466
Assam,Nalbari,2029,0.2111186636860451
Assam,Tinsukia,2029,0.24216228541921841
Assam,Udalguri,2029,0.2330282299874726
Bihar,Araria,2029,0.40528056477582397
Bihar,Arwal,2029,0.3512545700095428
Bihar,Aurangabad,2029,0.3323402455828659
Bihar,Banka,2029,0.3761063801312604
Bihar,Begusarai,2029,0.3168549663509726
Bihar,Bhagalpur,2029,0.31265583697665833
Bihar,Bhojpur,2029,0.3271407504187485
Bihar,Buxar,2029,0.31503946708869657
Bihar,Darbhanga,2029,0.35923418121088957
Bihar,Gaya,2029,0.35195106289251477
Bihar,Gopalganj,2029,0.31832540936252546
Bihar,Jamui,2029,0.3853589755715608
Bihar,Jehanabad,2029,0.3376806498201315
Bihar,Kaimur (Bhabua),2029,0.33021564338691456
Bihar,Katihar,2029,0.3722845043775281
Bihar,Khagaria,2029,0.3384902421020056
Bihar,Kishanganj,2029,0.37633268893092614
Bihar,Lakhisarai,2029,0.32813735398075294
Bihar,Madhepura,2029,0.40171551995006727
Bihar,Madhubani,2029,0.3764288598748867
Bihar,Munger,2029,0.28540492666609174
Bihar,Muzaffarpur,2029,0.3250488673392185
Bihar,Nalanda,2029,0.34049735092283245
Bihar,Nawada,2029,0.3380771357453226
Bihar,Pashchim Champaran,2029,0.3672471369964716
Bihar,Patna,2029,0.2681624799744786
Bihar,Purba Champaran,2029,0.37166181023361805
Bihar,Purnia,2029,0.3920142797210424
Bihar,Rohtas,2029,0.28979106103992647
Bihar,Saharsa,2029,0.3950048164558159
Bihar,Samastipur,2029,0.35703693063055764
Bihar,Saran,2029,0.346389994767434
Bihar,Sheikhpura,2029,0.336078183128517
Bihar,Sheohar,2029,0.35521170678426817
Bihar,Sitamarhi,2029,0.36155090843134446
Bihar,Siwan,2029,0.31884242170157434
Bihar,Supaul,2029,0.38689819787813906
Bihar,Vaishali,2029,0.32356692706146173
Dadra & Nagar Haveli and Daman & Diu,Dadra & Nagar Haveli,2029,0.268329413478463
Dadra & Nagar Haveli and Daman & Diu,Daman,2029,0.17937698383021244
Dadra & Nagar Haveli and Daman & Diu,Diu,2029,0.16610065988735798
Goa,North Goa,2029,0.12412378958759536
Goa,South Goa,2029,0.1382865344498141
Gujarat,Amreli,2029,0.1968228516506397
Gujarat,Anand,2029,0.17998828128886532
Gujarat,Banaskantha,2029,0.3043773723125169
Gujarat,Bharuch,2029,0.18998534822256133
Gujarat,Dahod,2029,0.36603008012946003
Gujarat,Gandhinagar,2029,0.18994719163679263
Gujarat,Kachchh,2029,0.2310547800549405
Gujarat,Mahesana,2029,0.20253183155790372
Gujarat,Narmada,2029,0.279111512921938
Gujarat,Navsari,2029,0.16735775602419006
Gujarat,Patan,2029,0.24413479243957206
Gujarat,Porbandar,2029,0.17039805033218774
Gujarat,Surat,2029,0.15781968707135088
Gujarat,Tapi,2029,0.24314582019472156
Gujarat,The Dangs,2029,0.28569144367175553
Gujarat,Valsad,2029,0.1863683519757742
Himachal Pradesh,Bilaspur,2029,0.17020435378738702
Himachal Pradesh,Chamba,2029,0.1884022206971124
Himachal Pradesh,Hamirpur,2029,0.13382743738753944
Himachal Pradesh,Kangra,2029,0.17031526247878773
Himachal Pradesh,Kinnaur,2029,0.18002518065839623
Himachal Pradesh,Kullu,2029,0.17869209193469598
Himachal Pradesh,Lahul and Spiti,2029,0.22723322174557242
Himachal Pradesh,Mandi,2029,0.16615323991650738
Himachal Pradesh,Shimla,2029,0.15002791692014653
Himachal Pradesh,Sirmaur,2029,0.1853106004358982
Himachal Pradesh,Solan,2029,0.1663837321095875
Himachal Pradesh,Una,2029,0.15608070214250558
Jammu and Kashmir,Anantnag,2029,0.21878729240996952
Jammu and Kashmir,Badgam,2029,0.2433638722094194
Jammu and Kashmir,Bandipore,2029,0.27193564164811185
Jammu and Kashmir,Baramula,2029,0.22518869180865225
Jammu and Kashmir,Doda,2029,0.27583382429277187
Jammu and Kashmir,Ganderbal,2029,0.24074891699398393
Jammu and Kashmir,Jammu,2029,0.17164699026499863
Jammu and Kashmir,Kathua,2029,0.21549277590680857
Jammu and Kashmir,Kishtwar,2029,0.2824073840819784
Jammu and Kashmir,Kulgam,2029,0.2373291720772931
Jammu and Kashmir,Kupwara,2029,0.2675324656771693
Jammu and Kashmir,Pulwama,2029,0.19140582307808218
Jammu and Kashmir,Punch,2029,0.24583415926421281
Jammu and Kashmir,Rajouri,2029,0.26375553863543255
Jammu and Kashmir,Ramban,2029,0.3232877239285873
Jammu and Kashmir,Reasi,2029,0.2726429026082222
Jammu and Kashmir,Samba,2029,0.21523615242133595
Jammu and Kashmir,Shupiyan,2029,0.20877611319664735
Jammu and Kashmir,Srinagar,2029,0.189076655679245
Jammu and Kashmir,Udhampur,2029,0.25868221165671856
Karnataka,Bagalkot,2029,0.30263159211713975
Karnataka,Bangalore Rural,2029,0.16463450399047116
Karnataka,Bangalore,2029,0.12187479816904091
Karnataka,Belgaum,2029,0.24141958974831787
Karnataka,Bellary,2029,0.27267844104026384
Karnataka,Bidar,2029,0.28382211344470215
Karnataka,Bijapur,2029,0.3158361005859309
Karnataka,Chamarajanagar,2029,0.25009119613516256
Karnataka,Chikkaballapura,2029,0.21730388747347185
Karnataka,Chikmagalur,2029,0.1675011701088992
Karnataka,Chitradurga,2029,0.23474055873705807
Karnataka,Dakshina Kannada,2029,0.10924960351215666
Karnataka,Davanagere,2029,0.19024813836644694
Karnataka,Dharwad,2029,0.1856538808641259
Karnataka,Gadag,2029,0.27063213528084823
Karnataka,Gulbarga,2029,0.3207777181886426
Karnataka,Hassan,2029,0.1765742850052764
Karnataka,Haveri,2029,0.22254634808458648
Karnataka,Kodagu,2029,0.13512383418421176
Karnataka,Kolar,2029,0.18940540580253565
Karnataka,Koppal,2029,0.27559183797379266
Karnataka,Mandya,2029,0.19542630795909538
Karnataka,Mysore,2029,0.18307404605542102
Karnataka,Raichur,2029,0.3253453195117037
Karnataka,Ramanagara,2029,0.18515610082968625
Karnataka,Shimoga,2029,0.16418951456798872
Karnataka,Tumkur,2029,0.19688180264040028
Karnataka,Udupi,2029,0.1194934687663654
Karnataka,Uttara Kannada,2029,0.1518769713494658
Karnataka,Yadgir,2029,0.36551473989165506
Kerala,Alappuzha,2029,0.06093802612248692
Kerala,Ernakulam,2029,0.06404867124580726
Kerala,Idukki,2029,0.0804896787192625
Kerala,Kannur,2029,0.07743318200508388
Kerala,Kasaragod,2029,0.09677179889089314
Kerala,Kollam,2029,0.07103878845574091
Kerala,Kottayam,2029,0.06015383280363489
Kerala,Kozhikode,2029,0.06826076254506626
Kerala,Malappuram,2029,0.093298012426617
Kerala,Palakkad,2029,0.08446385709109563
Kerala,Pathanamthitta,2029,0.06026578498816053
Kerala,Thiruvananthapuram,2029,0.08078863904361351
Kerala,Thrissur,2029,0.06324963331795876
Kerala,Wayanad,2029,0.09886671186885147
Ladakh,Kargil,2029,0.3161507384295954
Ladakh,Leh (Ladakh),2029,0.30605468123631835
Maharashtra,Ahmednagar,2029,0.20187704376538634
Maharashtra,Akola,2029,0.19501644208364852
Maharashtra,Amravati,2029,0.1644682996755522
Maharashtra,Aurangabad,2029,0.2318151427907627
Maharashtra,Bhandara,2029,0.1667941228719017
Maharashtra,Bid,2029,0.26323560011920694
Maharashtra,Buldana,2029,0.22320060784993154
Maharashtra,Chandrapur,2029,0.19537362420869447
Maharashtra,Dhule,2029,0.27348071944934854
Maharashtra,Gadchiroli,2029,0.2611212442538315
Maharashtra,Gondiya,2029,0.1913068328185013
Maharashtra,Hingoli,2029,0.24988955710945357
Maharashtra,Jalgaon,2029,0.23735081195282143
Maharashtra,Jalna,2029,0.2708407801558969
Maharashtra,Kolhapur,2029,0.1677051129842759
Maharashtra,Latur,2029,0.2387956422782394
Maharashtra,Mumbai Suburban,2029,0.22039811960780337
Maharashtra,Mumbai,2029,0.18994708791554116
Maharashtra,Nagpur,2029,0.1372365179483434
Maharashtra,Nanded,2029,0.2500770869958414
Maharashtra,Nandurbar,2029,0.313524700832962
Maharashtra,Nashik,2029,0.2156179037393918
Maharashtra,Osmanabad,2029,0.2556809068448066
Maharashtra,Parbhani,2029,0.2826020235389575
Maharashtra,Pune,2029,0.16758312505198225
Maharashtra,Raigarh,2029,0.17744534898999634
Maharashtra,Ratnagiri,2029,0.15927392453641803
Maharashtra,Sangli,2029,0.16073402063644837
Maharashtra,Satara,2029,0.1794299787443679
Maharashtra,Sindhudurg,2029,0.13038333700095142
Maharashtra,Solapur,2029,0.22902551589263268
Maharashtra,Wardha,2029,0.1669321026275684
Maharashtra,Washim,2029,0.23288073623060035
Maharashtra,Yavatmal,2029,0.22209194838215007
Meghalaya,East Khasi Hills,2029,0.1841475851164719
Meghalaya,Ribhoi,2029,0.22360911592819396
Meghalaya,South Garo Hills,2029,0.1506091134161051
Manipur,Bishnupur,2029,0.245610358616413
Manipur,Chandel,2029,0.2047052452745961
Manipur,Churachandpur,2029,0.2013549114013544
Manipur,Imphal East,2029,0.22049575521050485
Manipur,Imphal West,2029,0.20722413954793226
Manipur,Senapati,2029,0.20652210547436137
Manipur,Tamenglong,2029,0.22388570718795112
Manipur,Thoubal,2029,0.2362486334475123
Manipur,Ukhrul,2029,0.1976680892261119
Mizoram,Aizawl,2029,0.09923392974166545
Mizoram,Champhai,2029,0.11916785226275448
Mizoram,Kolasib,2029,0.12131210478862606
Mizoram,Lawngtlai,2029,0.20333295647200214
Mizoram,Lunglei,2029,0.12859365472700846
Mizoram,Mamit,2029,0.17148433759507048
Mizoram,Saiha,2029,0.15001892780580833
Mizoram,Serchhip,2029,0.10918928844460209
Nagaland,Dimapur,2029,0.1690468765182548
Nagaland,Kiphire,2029,0.1962901586519725
Nagaland,Kohima,2029,0.14364219818108226
Nagaland,Longleng,2029,0.1792820669621848
Nagaland,Mokokchung,2029,0.10146651131153588
Nagaland,Mon,2029,0.17979928674373666
Nagaland,Peren,2029,0.18471476991375105
Nagaland,Phek,2029,0.16735514101076787
Nagaland,Tuensang,2029,0.18958561867582915
Nagaland,Wokha,2029,0.14948947528837728
Nagaland,Zunheboto,2029,0.13944526579487915
Sikkim,East District,2029,0.13456898270375853
Sikkim,North District,2029,0.14400461347327748
Sikkim,South District,2029,0.12309394830291218
Sikkim,West District,2029,0.13065710580478335
Tripura,Dhalai,2029,0.23022940339219647
West Bengal,Bankura,2029,0.2774186270597696
West Bengal,Birbhum,2029,0.2693151452420774
West Bengal,Dakshin Dinajpur,2029,0.21164936713910418
West Bengal,Darjeeling,2029,0.17107436799837217
West Bengal,Haora,2029,0.18124600289351128
West Bengal,Hugli,2029,0.183089830436291
West Bengal,Jalpaiguri,2029,0.2219830260960527
West Bengal,Koch Bihar,2029,0.21352602065986173
West Bengal,Kolkata,2029,0.19024887069581733
West Bengal,Maldah,2029,0.26489754582775427
West Bengal,Murshidabad,2029,0.23874599156657164
West Bengal,Nadia,2029,0.17991573662573632
West Bengal,North Twenty Four Parganas,2029,0.1567427000865608
West Bengal,Paschim Medinipur,2029,0.24338133183183813
West Bengal,Purba Medinipur,2029,0.18295415138998714
West Bengal,Puruliya,2029,0.3531777374819834
West Bengal,South Twenty Four Parganas,2029,0.2116822968383335
West Bengal,Uttar Dinajpur,2029,0.29462020157124524
Andaman and Nicobar Island,Nicobar,2030,0.15373497563941793
Andaman and Nicobar Island,North & Middle Andaman,2030,0.1671297074772105
Andaman and Nicobar Island,South Andaman,2030,0.12719582587122152
Andhra Pradesh,Anantapur,2030,0.2507011207558738
Andhra Pradesh,Chittoor,2030,0.23490670523539606
Andhra Pradesh,East Godavari,2030,0.19204759413239095
Andhra Pradesh,Guntur,2030,0.204346819523723
Andhra Pradesh,Krishna,2030,0.18358464291750418
Andhra Pradesh,Kurnool,2030,0.2581841192316877
Andhra Pradesh,Prakasam,2030,0.24078937674289685
Andhra Pradesh,Sri Potti Sriramulu Nellore,2030,0.21109571445470268
Andhra Pradesh,Srikakulam,2030,0.25511578991941164
Andhra Pradesh,Visakhapatnam,2030,0.2172635710239738
Andhra Pradesh,Vizianagaram,2030,0.27689420531946746
Andhra Pradesh,West Godavari,2030,0.1872872662024022
Andhra Pradesh,Y.S.R.,2030,0.20486596622710893
Assam,Baksa,2030,0.2197055303809569
Assam,Barpeta,2030,0.2605705829880338
Assam,Bongaigaon,2030,0.23113995030245196
Assam,Cachar,2030,0.24919490711913003
Assam,Chirang,2030,0.2503615585616986
Assam,Darrang,2030,0.24209140872910206
Assam,Dhemaji,2030,0.237692795399187
Assam,Dibrugarh,2030,0.19439676031848285
Assam,Dima Hasao,2030,0.1904797883227345
Assam,Goalpara,2030,0.22971504261560927
Assam,Golaghat,2030,0.18833531717807483
Assam,Hailakandi,2030,0.25673004273762523
Assam,Kamrup Metropolitan,2030,0.16565449619925848
Assam,Kamrup,2030,0.210098688259998
Assam,Karimganj,2030,0.24590613557698712
Assam,Kokrajhar,2030,0.24221367324588228
Assam,Lakhimpur,2030,0.2075360901388416
Assam,Morigaon,2030,0.24987575199979156
Assam,Nalbari,2030,0.20526670804952635
Assam,Tinsukia,2030,0.23544983789625254
Assam,Udalguri,2030,0.22656896750383404
Bihar,Araria,2030,0.39404667458344234
Bihar,Arwal,2030,0.341518215464039
Bihar,Aurangabad,2030,0.3231281733793735
Bihar,Banka,2030,0.3656811632759054
Bihar,Begusarai,2030,0.3080721274776935
Bihar,Bhagalpur,2030,0.30398939292315236
Bihar,Bhojpur,2030,0.3180728019724904
Bihar,Buxar,2030,0.3063069516731141
Bihar,Darbhanga,2030,0.3492766414327225
Bihar,Gaya,2030,0.342195402401335
Bihar,Gopalganj,2030,0.3095018115761337
Bihar,Jamui,2030,0.3746772878903018
Bihar,Jehanabad,2030,0.32832054802924066
Bihar,Kaimur (Bhabua),2030,0.3210624626029626
Bihar,Katihar,2030,0.3619652253249643
Bihar,Khagaria,2030,0.3291076993860233
Bihar,Kishanganj,2030,0.3659011990676206
Bihar,Lakhisarai,2030,0.31904178088146684
Bihar,Madhepura,2030,0.3905804485158109
Bihar,Madhubani,2030,0.3659947042685921
Bihar,Munger,2030,0.277493845096451
Bihar,Muzaffarpur,2030,0.31603890337791524
Bihar,Nalanda,2030,0.3310591735624654
Bihar,Nawada,2030,0.3287060438410793
Bihar,Pashchim Champaran,2030,0.35706748771383956
Bihar,Patna,2030,0.26072933830528366
Bihar,Purba Champaran,2030,0.3613597915143742
Bihar,Purnia,2030,0.38114811500705537
Bihar,Rohtas,2030,0.28175840109666705
Bihar,Saharsa,2030,0.384055757657546
Bihar,Samastipur,2030,0.34714029599783774
Bihar,Saran,2030,0.3367884804014306
Bihar,Sheikhpura,2030,0.32676249978848504
Bihar,Sheohar,2030,0.34536566516302686
Bihar,Sitamarhi,2030,0.35152915175885213
Bihar,Siwan,2030,0.3100044929544858
Bihar,Supaul,2030,0.3761738448043678
Bihar,Vaishali,2030,0.3145980407036729
Dadra & Nagar Haveli and Daman & Diu,Dadra & Nagar Haveli,2030,0.26089164461315706
Dadra & Nagar Haveli and Daman & Diu,Daman,2030,0.1744048694123798
Dadra & Nagar Haveli and Daman & Diu,Diu,2030,0.16149654921383272
Goa,North Goa,2030,0.12068322731128531
Goa,South Goa,2030,0.13445339790660601
Gujarat,Amreli,2030,0.19136715874314056
Gujarat,Anand,2030,0.1749992224401316
Gujarat,Banaskantha,2030,0.295940397350503
Gujarat,Bharuch,2030,0.18471918269282714
Gujarat,Dahod,2030,0.35588416620053154
Gujarat,Gandhinagar,2030,0.18468208376175965
Gujarat,Kachchh,2030,0.22465021923175413
Gujarat,Mahesana,2030,0.1969178925883853
Gujarat,Narmada,2030,0.27137487721790676
Gujarat,Navsari,2030,0.1627188001565207
Gujarat,Patan,2030,0.23736766939254644
Gujarat,Porbandar,2030,0.16567482116010404
Gujarat,Surat,2030,0.15344511501227306
Gujarat,Tapi,2030,0.23640611026978361
Gujarat,The Dangs,2030,0.27777242019505183
Gujarat,Valsad,2030,0.18120244523512144
Himachal Pradesh,Bilaspur,2030,0.16548649365074214
Himachal Pradesh,Chamba,2030,0.18317993755979262
Himachal Pradesh,Hamirpur,2030,0.13011790165598755
Himachal Pradesh,Kangra,2030,0.16559432808650645
Himachal Pradesh,Kinnaur,2030,0.17503509900348452
Himachal Pradesh,Kullu,2030,0.173738961897109
Himachal Pradesh,Lahul and Spiti,2030,0.220934589926001
Himachal Pradesh,Mandi,2030,0.16154767178776439
Himachal Pradesh,Shimla,2030,0.145869323365568
Himachal Pradesh,Sirmaur,2030,0.18017401329673277
Himachal Pradesh,Solan,2030,0.16177177501425616
Himachal Pradesh,Una,2030,0.15175433265575605
Jammu and Kashmir,Anantnag,2030,0.21272277160132522
Jammu and Kashmir,Badgam,2030,0.23661811814468733
Jammu and Kashmir,Bandipore,2030,0.26439791247188177
Jammu and Kashmir,Baramula,2030,0.21894673190183123
Jammu and Kashmir,Doda,2030,0.26818804217843906
Jammu and Kashmir,Ganderbal,2030,0.23407564634518976
Jammu and Kashmir,Jammu,2030,0.16688914197894425
Jammu and Kashmir,Kathua,2030,0.20951957513630617
Jammu and Kashmir,Kishtwar,2030,0.2745793907903446
Jammu and Kashmir,Kulgam,2030,0.2307506926477653
Jammu and Kashmir,Kupwara,2030,0.2601167872471492
Jammu and Kashmir,Pulwama,2030,0.1861002836924692
Jammu and Kashmir,Punch,2030,0.2390199318110947
Jammu and Kashmir,Rajouri,2030,0.25644455208392625
Jammu and Kashmir,Ramban,2030,0.31432657674609743
Jammu and Kashmir,Reasi,2030,0.26508556900815883
Jammu and Kashmir,Samba,2030,0.20927006494544265
Jammu and Kashmir,Shupiyan,2030,0.20298909024443473
Jammu and Kashmir,Srinagar,2030,0.1838356780147515
Jammu and Kashmir,Udhampur,2030,0.25151185163197515
Karnataka,Bagalkot,2030,0.2942430080840759
Karnataka,Bangalore Rural,2030,0.16007103339639223
Karnataka,Bangalore,2030,0.11849657523203183
Karnataka,Belgaum,2030,0.23472772885678317
Karnataka,Bellary,2030,0.2651201223575741
Karnataka,Bidar,2030,0.275954905555345
Karnataka,Bijapur,2030,0.30708150344719337
Karnataka,Chamarajanagar,2030,0.24315896873605736
Karnataka,Chikkaballapura,2030,0.2112804848669221
Karnataka,Chikmagalur,2030,0.16285823897515572
Karnataka,Chitradurga,2030,0.2282338325583451
Karnataka,Dakshina Kannada,2030,0.10622133579817027
Karnataka,Davanagere,2030,0.1849746886097435
Karnataka,Dharwad,2030,0.18050777840404192
Karnataka,Gadag,2030,0.2631305377345743
Karnataka,Gulbarga,2030,0.3118861453487576
Karnataka,Hassan,2030,0.17167985803060812
Karnataka,Haveri,2030,0.21637763077024727
Karnataka,Kodagu,2030,0.13137836389145624
Karnataka,Kolar,2030,0.18415531557971404
Karnataka,Koppal,2030,0.26795276342940455
Karnataka,Mandya,2030,0.1900093255643699
Karnataka,Mysore,2030,0.17799945351580782
Karnataka,Raichur,2030,0.3163271382524532
Karnataka,Ramanagara,2030,0.18002379623392856
Karnataka,Shimoga,2030,0.15963837854591598
Karnataka,Tumkur,2030,0.19142447568231183
Karnataka,Udupi,2030,0.11618125341853429
Karnataka,Uttara Kannada,2030,0.14766712422828654
Karnataka,Yadgir,2030,0.35538311057478644
Kerala,Alappuzha,2030,0.05924889727324352
Kerala,Ernakulam,2030,0.06227331905209587
Kerala,Idukki,2030,0.07825860155706887
Kerala,Kannur,2030,0.075286827258532
Kerala,Kasaragod,2030,0.09408940092527428
Kerala,Kollam,2030,0.06906967861364165
Kerala,Kottayam,2030,0.0584864408507523
Kerala,Kozhikode,2030,0.06636865624259977
Kerala,Malappuram,2030,0.09071190364701683
Kerala,Palakkad,2030,0.08212262048057316
Kerala,Pathanamthitta,2030,0.05859528985526619
Kerala,Thiruvananthapuram,2030,0.07854927506051719
Kerala,Thrissur,2030,0.06149642949532941
Kerala,Wayanad,2030,0.09612624543313462
Ladakh,Kargil,2030,0.3073874199079609
Ladakh,Leh (Ladakh),2030,0.2975712132867142
Maharashtra,Ahmednagar,2030,0.19628125472655733
Maharashtra,Akola,2030,0.18961082067841661
Maharashtra,Amravati,2030,0.1599094360653397
Maharashtra,Aurangabad,2030,0.22538950562633767
Maharashtra,Bhandara,2030,0.16217079023784362
Maharashtra,Bid,2030,0.2559390256385121
Maharashtra,Buldana,2030,0.21701375524118155
Maharashtra,Chandrapur,2030,0.18995810214421516
Maharashtra,Dhule,2030,0.26590016257333127
Maharashtra,Gadchiroli,2030,0.2538832771767075
Maharashtra,Gondiya,2030,0.18600403732391813
Maharashtra,Hingoli,2030,0.2429629189018127
Maharashtra,Jalgaon,2030,0.23077173269195064
Maharashtra,Jalna,2030,0.2633333992244345
Maharashtra,Kolhapur,2030,0.163056528799124
Maharashtra,Latur,2030,0.2321765140571345
Maharashtra,Mumbai Suburban,2030,0.2142889486051154
Maharashtra,Mumbai,2030,0.1846819829155366
Maharashtra,Nagpur,2030,0.133432486600654
Maharashtra,Nanded,2030,0.2431452506851219
Maharashtra,Nandurbar,2030,0.30483417291755355
Maharashtra,Nashik,2030,0.2096412345757479
Maharashtra,Osmanabad,2030,0.24859373938250331
Maharashtra,Parbhani,2030,0.27476863507549254
Maharashtra,Pune,2030,0.16293792222570935
Maharashtra,Raigarh,2030,0.17252677716850992
Maharashtra,Ratnagiri,2030,0.15485904276250045
Maharashtra,Sangli,2030,0.1562786667533707
Maharashtra,Satara,2030,0.17445639537120378
Maharashtra,Sindhudurg,2030,0.12676926759302123
Maharashtra,Solapur,2030,0.2226772038332707
Maharashtra,Wardha,2030,0.1623049453605063
Maharashtra,Washim,2030,0.22642556209664538
Maharashtra,Yavatmal,2030,0.2159358264814682
Meghalaya,East Khasi Hills,2030,0.1790432353642577
Meghalaya,Ribhoi,2030,0.21741093996645655
Meghalaya,South Garo Hills,2030,0.1464344097931363
Manipur,Bishnupur,2030,0.23880233464828993
Manipur,Chandel,2030,0.1990310618888436
Manipur,Churachandpur,2030,0.19577359524416152
Manipur,Imphal East,2030,0.21438387786624777
Manipur,Imphal West,2030,0.2014801354401115
Manipur,Senapati,2030,0.20079756090736062
Manipur,Tamenglong,2030,0.21767986444889856
Manipur,Thoubal,2030,0.2297001052502186
Manipur,Ukhrul,2030,0.19218896734882096
Mizoram,Aizawl,2030,0.09648328446783393
Mizoram,Champhai,2030,0.11586466261307996
Mizoram,Kolasib,2030,0.1179494790358813
Mizoram,Lawngtlai,2030,0.19769681128265093
Mizoram,Lunglei,2030,0.12502919316088493
Mizoram,Mamit,2030,0.16673099784555173
Mizoram,Saiha,2030,0.14586058341867622
Mizoram,Serchhip,2030,0.10616269259180208
Nagaland,Dimapur,2030,0.16436110026046258
Nagaland,Kiphire,2030,0.19084923135420986
Nagaland,Kohima,2030,0.13966060907564076
Nagaland,Longleng,2030,0.17431258352586348
Nagaland,Mokokchung,2030,0.09865398155968767
Nagaland,Mon,2030,0.17481546659666167
Nagaland,Peren,2030,0.17959469848059478
Nagaland,Phek,2030,0.16271625762812789
Nagaland,Tuensang,2030,0.18433053316873835
Nagaland,Wokha,2030,0.1453458066887362
Nagaland,Zunheboto,2030,0.1355800106113407
Sikkim,East District,2030,0.13083889222722472
Sikkim,North District,2030,0.14001297865148432
Sikkim,South District,2030,0.11968193198935785
Sikkim,West District,2030,0.12703544785462426
Tripura,Dhalai,2030,0.22384772101816972
West Bengal,Bankura,2030,0.26972891611733996
West Bengal,Birbhum,2030,0.26185005307692927
West Bengal,Dakshin Dinajpur,2030,0.20578270104066212
West Bengal,Darjeeling,2030,0.16633239211337544
West Bengal,Haora,2030,0.17622208151341737
West Bengal,Hugli,2030,0.17801480037260964
West Bengal,Jalpaiguri,2030,0.2158299233902394
West Bengal,Koch Bihar,2030,0.2076073359811727
West Bengal,Kolkata,2030,0.18497540063982384
West Bengal,Maldah,2030,0.25755490420933264
West Bengal,Murshidabad,2030,0.2321282396035243
West Bengal,Nadia,2030,0.1749286886278809
West Bengal,North Twenty Four Parganas,2030,0.15239798081238634
West Bengal,Paschim Medinipur,2030,0.23663509380735548
West Bengal,Purba Medinipur,2030,0.17788288218641124
West Bengal,Puruliya,2030,0.34338807504539204
West Bengal,South Twenty Four Parganas,2030,0.2058147179682035
West Bengal,Uttar Dinajpur,2030,0.28645368365608326
