Name,ChildPop2001,ChildPop2011,Literacy Rate,WPR,ChildPopGrowth,RiskScore
Adilabad,376768,309992,61.01,48.29,-0.17723373534907425,0.1783105058603703
Agra,660605,673955,71.58,31.45,0.020208748041567956,0.2267594992166272
Ahmadabad,769666,842518,85.31,35.97,0.09465404474148527,0.18520961789659413
Ahmadnagar,589706,556014,79.05,48.53,-0.05713355468657263,0.13947057812537095
Aizawl,46223,52357,97.89,43.63,0.132704497760855,0.130853799104342
Ajmer,373686,381167,69.33,40.79,0.02001948159684869,0.22627579263873945
Akola,235835,211080,88.05,42.35,-0.1049674560603812,0.08455301757584754
Alappuzha,226408,192046,95.72,37.81,-0.15177025546800466,0.03446389781279815
Aligarh,562946,574509,67.52,31.97,0.020540158381088063,0.24575606335243527
Allahabad,899583,885355,72.32,35.47,-0.015816217069464407,0.20397351317221424
Almora,97368,80082,80.47,47.9,-0.17753265960069017,0.08525093615972394
Alwar,581916,587959,70.72,46.5,0.010384660328982189,0.2088978641315929
Ambala,134369,127689,81.75,32.98,-0.04971384768808282,0.14813846092476685
Ambedkar Nagar,393180,339229,72.23,32.84,-0.13721705071468537,0.1590011797141258
Amravati,357834,311391,87.38,42.8,-0.12978923187846877,0.07730030724861253
Amreli,198657,173555,74.25,43.4,-0.12635849730943285,0.14097660107622684
Amritsar,429025,419018,72.04,35.425,-0.02332498106170969,0.2023680075753161
Anand,255231,254008,84.37,40.37,-0.004791737680767618,0.14466330492769297
Anantapur,479853,445956,63.57,49.89,-0.07064038361748286,0.2067398465530068
Anantnag,177120,208538,62.69,36.13,0.1773825654923216,0.32668502619692863
Andaman Islands,39391,36489,86.52,38.595,-0.07367165088471986,0.10892133964611207
Anugul,163943,152403,77.53,41.33,-0.07039031858633793,0.1501038725654648
Araria,474181,577886,53.53,38.05,0.21870340650511091,0.38487736260204436
Ariyalur,89099,81187,71.34,47.67,-0.08880009876654059,0.16484396049338373
Auraiya,214780,200517,78.95,32.04,-0.06640748673060806,0.15602900530775676
Aurangabad,398602,455394,70.32,32.98,0.1424779604718491,0.2798791841887397
Aurangabad,467934,532659,79.02,42.55,0.13832078882919385,0.22497231553167754
Azamgarh,796410,706085,70.93,29.74,-0.11341520071320049,0.17848191971471977
Badgam,97534,155202,56.08,28.51,0.5912604835236943,0.5331081934094777
Bagalkot,264872,271908,68.82,43.29,0.02656377420036848,0.22834150968014738
Bageshwar,41206,35560,80.01,47.57,-0.1370188807455225,0.10406044770179099
Baghpat,205254,194979,72.01,31.98,-0.05005992575053349,0.19595202969978656
Bahraich,487118,654794,49.36,33.03,0.34422049688165907,0.46112419875266364
Balaghat,230908,212931,77.09,52.48,-0.07785351741819253,0.13585059303272295
Balangir,191674,216320,64.72,43.7,0.1285829063931467,0.28833716255725866
Baleshwar,296087,288672,79.79,40.19,-0.025043314971613072,0.15876267401135474
Ballia,516976,471852,70.94,31.47,-0.08728451610906503,0.18681019355637396
Balrampur,339432,394710,49.51,35.38,0.1628544156119635,0.3850377662447854
Banas Kantha,468394,510310,65.32,40.01,0.0894887637330965,0.2742475054932387
Banda,303479,294972,66.67,39.0,-0.02803159361932786,0.2219713625522688
Bangalore,772540,1052837,87.67,44.14,0.36282522587827165,0.27134609035130863
Bangalore Rural,225618,214903,73.575,47.75,-0.04749177813826911,0.17054328874469232
Banka,327903,375282,58.17,37.9,0.14449090127263245,0.333100360509053
Bankura,458882,418650,70.26,40.77,-0.08767395539594057,0.17875841784162377
Banswara,315240,325283,56.33,50.99,0.031858266717421646,0.2811713066869686
Barabanki,514820,519867,61.75,36.58,0.009803426440309234,0.2636253705761237
Baramula,185169,226335,60.455,34.125,0.22231583040357727,0.3577923321614309
Baran,189559,182665,66.66,45.19,-0.03636862401679688,0.21125655039328126
Barddhaman,903438,832033,76.21,37.72,-0.0790369676723804,0.15731321293104789
Bareilly,719217,701416,58.49,31.52,-0.024750527309560257,0.2715237890761759
Bargarh,174490,162922,74.62,51.45,-0.06629606281162244,0.153565574875351
Barmer,435835,501522,56.53,46.18,0.1507152936317643,0.33352611745270566
Barpeta,308949,287829,63.81,33.17,-0.06836079741316528,0.2265636810347339
Barwani,237771,265299,49.08,47.18,0.11577526275281678,0.3541101051011268
Bastar,232205,240071,51.51,51.125,0.03387523955125859,0.3049520958205034
Basti,406881,390969,67.22,31.8,-0.03910725740449911,0.22354109703820033
Bathinda,149358,151145,68.28,39.61,0.011964541571258319,0.22950981662850334
Baudh,61042,61847,71.61,49.75,0.013187641296156745,0.2018470565184627
Begusarai,481118,545965,63.87,31.58,0.13478398230787458,0.3094415929231499
Belgaum,624031,626269,73.48,44.05,0.0035863602929982643,0.1958705441171993
Bellary,319086,344152,67.43,45.54,0.07855562450248522,0.25311024980099406
Betul,234885,211433,68.9,49.96,-0.09984460480660749,0.16939015807735697
Bhadrak,192647,184560,82.78,31.11,-0.04197833342849876,0.1485326666286005
Bhagalpur,472126,546382,63.14,32.38,0.1572800481227469,0.32098401924909875
Bhandara,154051,126025,83.76,49.76,-0.18192676451305087,0.06546929419477963
Bharatpur,428181,436165,70.11,42.03,0.01864632013097265,0.22049452805238906
Bharuch,194025,179103,81.51,40.43,-0.07690761499806725,0.12947295400077308
Bhavnagar,401780,381470,75.52,39.95,-0.05055005226741002,0.169343979093036
Bhilwara,359615,361683,61.37,47.67,0.005750594385662444,0.2505202377542649
Bhind,254887,248230,75.26,30.58,-0.026117455970685047,0.19160901761172594
Bhiwani,224226,212011,75.21,38.12,-0.054476287317260265,0.17145748507309588
Bhojpur,423242,459187,70.47,30.15,0.08492777181848682,0.2595351087273947
Bhopal,288916,304713,80.37,36.59,0.0546767918703014,0.1921867167481205
Bid,335283,352890,76.99,48.57,0.05251384651175276,0.19316953860470112
Bidar,241517,224442,70.51,41.25,-0.07069895700923745,0.18377241719630497
Bijapur,286831,318406,67.15,42.61,0.11008224355108061,0.27058089742043223
Bijnor,615829,564230,68.48,29.54,-0.083787869684604,0.20233285212615837
Bikaner,326680,400554,65.13,41.72,0.22613566793192114,0.32776626717276847
Bilaspur,348030,407835,70.78,45.17,0.17183863460046547,0.2747874538401862
Bilaspur,42890,41956,84.59,53.9,-0.02177663791093495,0.12057734483562602
Birbhum,488193,448485,70.68,38.02,-0.08133668446700383,0.1825773262131984
Bishnupur,31191,31303,75.85,46.31,0.003590779391491135,0.18178431175659646
Bokaro,291148,293786,72.01,33.23,0.009060683913336172,0.2181002735653344
Bongaigaon,163401,189607,66.645,37.415,0.16037845545620896,0.2993573821824836
Budaun,646756,664909,51.29,30.08,0.028067772080970256,0.3289391088323881
Bulandshahr,542329,549796,68.88,33.53,0.013768395199224088,0.23464735807968964
Buldana,340294,332125,83.4,47.16,-0.024005712707247263,0.13348571491710104
Bundi,174851,159884,61.52,47.36,-0.08559859537549114,0.2136325618498035
Buxar,271849,295127,70.14,31.55,0.08562841871774404,0.25971936748709756
Cachar,229219,256774,79.34,35.01,0.12021254782544205,0.2252410191301768
Central,80480,62739,85.14,35.61,-0.22043986083499006,0.06042005566600395
Chamarajanagar,114937,100648,61.43,47.19,-0.12432027980545864,0.19877988807781655
Chamba,69579,70359,72.17,56.65,0.01121027896348036,0.19008811158539213
Chamoli,55710,52161,82.65,46.2,-0.06370490037695208,0.12235803984921917
Champawat,39939,37028,79.83,38.35,-0.0728861513808558,0.14164153944765767
Champhai,18433,20645,95.91,47.99,0.1200021700211577,0.1300448680084631
Chandauli,328365,309597,71.48,33.42,-0.05715590882097666,0.19392963647160932
Chandel,16135,17187,71.11,52.88,0.06519987604586303,0.2212959504183452
Chandigarh,115613,119434,86.05,38.29,0.0330499165318779,0.15423196661275118
Chandrapur,279490,231316,80.01,48.0,-0.172363948620702,0.08940642055171917
Changlang,25486,25869,59.8,42.48,0.015027858432080357,0.26799514337283215
Chatra,166367,195321,60.18,38.13,0.1740369183792459,0.3349947673516983
Chennai,433340,459324,90.18,39.11,0.05996215442839341,0.14418886177135734
Chhatarpur,289345,282794,63.74,42.66,-0.022640792133957734,0.23379968314641691
Chhindwara,298484,272289,71.16,45.82,-0.08776014794762868,0.16834394082094853
Chikmagalur,138644,105328,79.25,49.72,-0.2402988950116846,0.06381644199532616
Chitradurga,199535,184280,73.71,51.62,-0.07645275264991104,0.15366689894003557
Chitrakoot,161968,175311,65.05,39.75,0.08238047021633903,0.2730121880865356
Chittaurgarh,311367,212507,61.71,51.98,-0.3175031393821439,0.11441474424714246
Chittoor,485584,444572,71.53,46.32,-0.08445912550660647,0.16728834979735735
Churachandpur,30879,37445,82.78,44.74,0.2126364195731727,0.23402256782926906
Churu,383914,317813,66.75,44.27,-0.17217658121350093,0.1576053675145996
Coimbatore,445317,560683,1487728.0,143421.0,0.2590648908530328,-7312.495974043659
Cuddalore,284964,279950,78.04,44.89,-0.017595205008351933,0.16450191799665914
Cuddapah,340663,331586,67.3,45.81,-0.026645100876819615,0.21132995964927218
Cuttack,286820,271816,85.5,35.68,-0.05231155428491737,0.12585937828603305
Dadra & Nagar Haveli,40199,50895,76.24,45.73,0.26607627055399385,0.28560250822159755
Dakshin Dinajpur,246034,188135,72.82,41.94,-0.235329263435135,0.10600429462594602
Dakshina Kannada,228060,208297,88.57,47.75,-0.08665702008243445,0.08290119196702625
Daman,13024,20458,88.07,55.2,0.5707923832923832,0.3393409533169533
Damoh,195984,191968,69.73,45.45,-0.02049146869132174,0.2025594125234713
Dantewada,133066,122132,41.49,53.21,-0.08216975034945065,0.3041280998602197
Darbhanga,662205,725482,56.56,31.08,0.09555500184988032,0.3294380007399521
Darjiling,204643,193169,79.56,37.02,-0.05606837272713946,0.1512606509091442
Darrang,268762,269682,64.245,38.24,0.0034231029684255957,0.24710524118737018
Datia,108451,110114,72.63,40.82,0.01533411402384487,0.20852564560953796
Dausa,264978,258144,68.16,41.88,-0.02579082036999298,0.21225967185200278
Davanagere,240275,217731,75.74,44.99,-0.09382582457600666,0.14492967016959735
Debagarh,42352,39917,72.57,52.94,-0.05749433320740461,0.16513826671703818
Dehradun,172486,201652,84.25,34.35,0.1690919842769848,0.22201679371079389
Deoghar,227752,268453,64.85,36.96,0.17870754153640803,0.3158510166145632
Deoria,515597,464516,71.13,28.26,-0.09907156170419922,0.18503537531832034
Dewas,231195,229339,69.35,47.49,-0.008027855273686714,0.20692085789052536
Dhalai,47902,56011,85.72,41.2,0.1692831197027264,0.20681724788109057
Dhamtari,116514,101909,78.36,50.38,-0.12534974337847812,0.11327610264860877
Dhanbad,384265,551017,61.67,38.195,0.4339505289318569,0.4317302115727428
Dhar,338623,359949,59.0,47.03,0.06297859271224931,0.2855554370848997
Dharmapuri,386575,385263,70.0,48.275,-0.0033939080385436203,0.20471243678458256
Dharwad,218262,219942,80.0,42.49,0.00769717128955109,0.1680908685158204
Dhaulpur,220261,217613,69.08,43.37,-0.012022101052841856,0.2115631595788633
Dhemaji,99545,104247,72.7,46.17,0.04723491888090813,0.21452996755236325
Dhenkanal,145857,139096,78.76,36.51,-0.0463536203267584,0.1595985518692966
Dhubri,340182,368262,58.34,34.36,0.08254404994973279,0.3117536199798931
Dhule,255231,273507,72.8,45.66,0.07160572187547751,0.22441028875019103
Dibang Valley,10424,9093,66.615,42.85,-0.1276861089792786,0.1777535564082886
Dibrugarh,172631,163210,76.05,42.26,-0.05457304887302976,0.16241878045078811
Dimapur,46929,50898,84.79,39.95,0.08457457009525027,0.17889782803810006
Dindigul,218918,216576,76.26,51.17,-0.010698069596835344,0.16826877216126584
Dindori,97506,111820,63.9,55.35,0.14680122248887248,0.285580488995549
Diu,7554,6476,83.46,30.25,-0.14270585120465978,0.10600965951813612
Doda,119031,165728,58.38333333,34.59,0.3923095664154716,0.4351758265821887
Dohad,333948,414798,58.82,46.97,0.24210356103345432,0.3581414244133817
Dumka,318436,350442,62.805,44.285,0.10050999258877764,0.28559799703551103
Dungarpur,231647,242239,59.46,46.2,0.04572474497835068,0.2774418979913403
Durg,438094,430536,79.06,44.76,-0.01725200527740622,0.1598991978890375
East,205573,194357,89.31,33.91,-0.05455969412325549,0.1087961223506978
East District,31410,27984,83.85,49.25,-0.10907354345749762,0.09479058261700099
East Garo Hills,51182,58071,73.95,39.66,0.13459810089484583,0.2512872403579383
East Godavari,613490,522054,70.99,40.62,-0.14904236417871522,0.15088705432851393
East Kameng,12060,14626,60.02,40.3,0.21276948590381425,0.34865179436152566
East Khasi Hills,115169,139055,84.15,39.57,0.20739956064565987,0.23155582425826393
East Nimar,309511,331009,65.375,45.06,0.06945795141368158,0.2599111805654726
East Siang,15780,12955,72.54,40.54,-0.17902408111533588,0.13155036755386562
Ernakulam,338924,304242,95.89,38.06,-0.10232972583824103,0.05312410966470359
Erode,252843,195213,72.58,53.1,-0.22792800275269634,0.09672479889892144
Etah,556441,532986,65.915,31.84,-0.04215181843178342,0.22853927262728657
Etawah,237193,227470,78.41,31.99,-0.040991934837874645,0.16884722606485014
Faizabad,382447,360082,68.73,33.64,-0.05847869116505032,0.20633652353397985
Faridabad,381337,429449,75.51,30.85,0.1261666190272646,0.2509986476109058
Faridkot,73742,69311,69.55,35.88,-0.06008787393886794,0.19906885042445283
Farrukhabad,288157,302612,69.04,31.42,0.050163626078838966,0.25096945043153557
Fatehabad,129744,121024,67.92,39.18,-0.06720927364656555,0.20008429054137378
Fatehgarh Sahib,66374,63271,79.35,35.79,-0.04675023352517552,0.15747190658992977
Fatehpur,421136,390089,67.43,40.41,-0.07372202803844839,0.1983551887846206
Firozabad,400407,382319,71.92,30.48,-0.04517403541896121,0.20013838583241547
Firozpur,257754,248103,68.92,37.29,-0.037442677902185806,0.20945892883912565
Gadag,137835,132442,75.12,46.57,-0.039126491819929624,0.1678894032720281
Gadchiroli,154744,120272,74.36,54.45,-0.22276792638163675,0.08862482944734526
Gajapati,92686,86984,53.49,50.87,-0.06151953908896705,0.25759618436441317
Gandhinagar,185696,167377,84.16,38.44,-0.09865048250904704,0.11044380699638118
Ganganagar,298165,255475,69.64,46.35,-0.14317575838881155,0.15283769664447536
Ganjam,475464,420158,71.09,42.55,-0.11632005788030218,0.16117997684787908
Garhwa,226883,239664,60.33,43.2,0.05633299982810523,0.2811091999312421
Garhwal,101255,83901,82.02,39.89,-0.1713890672065577,0.08988037311737694
Gautam Buddha Nagar,218359,246598,80.12,34.53,0.12932372835559788,0.22571749134223917
Gaya,687369,783059,63.67,37.89,0.13921198075560579,0.3046007923022423
Ghaziabad,566447,681231,78.07,32.48,0.20263855223877963,0.2673434208955119
Ghazipur,611330,558559,71.78,33.27,-0.08632162661737523,0.1810033493530499
Giridih,404811,460251,63.14,42.38,0.13695280019564685,0.30085312007825876
Goalpara,159133,171657,67.37,35.96,0.07870146355564214,0.26495258542225686
Godda,204371,241784,56.4,42.04,0.18306413336530133,0.35205765334612055
Golaghat,142970,134793,77.43,44.98,-0.05719381688466112,0.1514824732461355
Gonda,536566,572386,58.71,34.09,0.06675786389745157,0.30398714555898065
Gondiya,171191,140365,84.95,50.31,-0.18006787740009697,0.05984084903996119
Gopalganj,433668,449530,65.47,28.42,0.036576367174889546,0.2662705468699559
Gorakhpur,694213,628442,70.83,30.44,-0.09474181555228726,0.1855912737790851
Gulbarga,536454,555651,58.34,44.5,0.03578498808844747,0.28088199523537893
Gumla,248576,268061,66.86,47.845,0.07838648944387229,0.2530125957775489
Guna,326684,345964,64.825,39.39,0.059017276634301036,0.2651789106537204
Guntur,538285,495729,67.4,48.73,-0.07905849131965409,0.18638060347213833
Gurdaspur,280149,253579,79.95,32.94,-0.09484238744382453,0.13877504502247018
Gurgaon,333417,450730,69.39,31.295,0.351850685477945,0.37011427419117804
Gwalior,255076,261418,76.65,33.73,0.02486317803321363,0.20154927121328542
Hailakandi,100976,111278,74.33,32.5,0.10202424338456663,0.24502569735382668
Hamirpur,50699,48548,88.15,53.2,-0.042426872324897925,0.0960692510700408
Hamirpur,188740,154355,68.77,40.18,-0.18218183744834163,0.14881526502066336
Hanumangarh,256102,234226,67.13,47.07,-0.08541909083099702,0.1871243636676012
Haora,513218,522802,83.31,37.52,0.01867432553028148,0.16255773021211256
Harda,86990,84191,72.5,40.49,-0.03217611219680423,0.1905415551212783
Hardoi,660875,652496,64.57,32.23,-0.01267864573482126,0.24631654170607153
Hardwar,262894,285693,73.43,30.58,0.08672316599085562,0.2455292663963422
Hassan,199665,165637,76.07,50.87,-0.17042546264993866,0.10564981494002457
Hathras,255055,248106,71.59,30.94,-0.02724510399717708,0.20834195840112918
Haveri,203712,195317,77.4,45.7,-0.04121013980521521,0.1571559440779139
Hazaribagh,424446,416089,71.46,35.305,-0.01968919485635393,0.20675032205745847
Hingoli,167098,165716,78.17,48.34,-0.008270595698332715,0.16346776172066685
Hisar,237820,215167,72.89,39.66,-0.09525271213522832,0.16443491514590866
Hoshangabad,175882,164602,75.29,38.51,-0.06413390796101932,0.16674243681559225
Hoshiarpur,184223,168331,84.59,31.5,-0.08626501576893222,0.12166199369242713
Hugli,603258,533210,81.8,39.01,-0.11611615593991294,0.11410153762403485
Hyderabad,486084,469126,83.25,35.84,-0.03488697426782202,0.14343721029287115
Idukki,134177,105641,91.99,46.56,-0.21267430334558085,0.017506278661767675
Imphal East,55622,59936,81.95,42.72,0.07755923914997663,0.18639969565999065
Imphal West,56400,61875,86.08,41.2,0.09707446808510638,0.17620578723404254
Indore,369546,421380,80.87,38.7,0.14026399961033267,0.22148959984413302
Jabalpur,306656,296565,81.07,40.82,-0.03290657935928206,0.14871736825628717
Jagatsinghapur,124550,110249,86.59,35.5,-0.11482135688478523,0.09583945724608589
Jaintia Hills,67409,90911,61.64,39.02,0.3486478066726995,0.39676312266907976
Jaipur,919392,929926,75.51,37.2,0.011457571960600049,0.19749502878423997
Jaisalmer,112026,130463,57.22,43.13,0.16457786585256995,0.339419146341028
Jajapur,218371,216804,80.13,30.22,-0.007175861263629328,0.1762416554945483
Jalandhar,230155,226302,82.48,35.31,-0.016740892007560123,0.1550276431969759
Jalaun,242309,231997,73.75,36.73,-0.042557230643517165,0.1849011077425931
Jalgaon,525668,532005,78.2,44.06,0.012055137463189694,0.17659005498527586
Jalna,261386,287338,71.52,47.52,0.09928611325778733,0.23939444530311493
Jalor,311090,316455,54.86,49.03,0.017245813108746667,0.2847343252434987
Jalpaiguri,521287,461700,73.25,39.06,-0.11430747361817963,0.1558050105527281
Jammu,198825,206032,82.43,31.125,0.036247956745882055,0.1814851826983528
Jamnagar,274268,263972,73.65,39.23,-0.03753992445345428,0.18438803021861827
Jamui,276379,324513,59.79,41.33,0.1741593970598345,0.3330757588239338
Janjgir - Champa,224792,224218,73.07,52.26,-0.002553471653795509,0.18553061133848184
Jashpur,122934,122266,67.92,57.22,-0.0054338100118762915,0.20314647599524946
Jaunpur,783771,676216,71.55,31.98,-0.13722758305678573,0.16329296677728566
Jehanabad,294345,326626,67.115,33.095,0.10967062460717865,0.2820022498428715
Jhabua,319601,359830,39.7,50.285,0.12587257236366595,0.39944702894546635
Jhajjar,131740,120051,80.65,34.07,-0.08872779717625626,0.13650488112949744
Jhalawar,209299,208205,61.5,48.61,-0.0052269719396652635,0.2443772112241339
Jhansi,280589,260373,75.05,40.77,-0.07204844095812737,0.16201662361674907
Jharsuguda,66859,64794,78.86,42.74,-0.03088589419524671,0.15782964232190133
Jhunjhunun,335259,288470,74.13,41.86,-0.13956075750389996,0.13811969699844
Jind,187560,168554,71.44,39.23,-0.10133290680315632,0.16947883727873753
Jodhpur,557374,606490,65.94,40.4,0.08812036442317008,0.27025614576926804
Jorhat,133888,124594,82.15,45.65,-0.06941622848948374,0.1231335086042065
Junagadh,369691,311930,75.8,40.97,-0.15624129340449186,0.12449948263820323
Jyotiba Phule Nagar,302245,300231,63.84,32.56,-0.006663468378302371,0.251830612648679
Kachchh,254448,318412,70.59,37.1,0.2513833867823681,0.3172013547129472
Kaimur (Bhabua),269812,299281,69.34,31.43,0.10922049427008436,0.27314019770803377
Kaithal,145487,139393,69.15,34.8,-0.041886903984548446,0.2095652384061806
Kalahandi,217889,222570,59.22,47.69,0.02148341586771246,0.26710936634708504
Kamrup,353779,325447,82.13,40.3,-0.08008389418252639,0.12538244232698947
Kancheepuram,337259,431574,84.49,41.86,0.2796515437690321,0.25607661750761285
Kandhamal,117298,109709,64.13,48.47,-0.06469846033180446,0.20813261586727821
Kangra,164566,164607,85.67,44.71,0.0002491401626095305,0.13523165606504378
Kanker,106879,100099,70.29,51.99,-0.0634362222700437,0.1748455110919825
Kannauj,260165,257682,72.7,31.67,-0.009543943266773009,0.20921842269329083
Kanniyakumari,181719,182350,91.75,36.34,0.0034723941910312075,0.11738095767641249
Kannur,279803,274318,95.1,32.66,-0.019603077879793998,0.09648676884808241
Kanpur Dehat,280435,251965,75.78,35.01,-0.10152085153422362,0.15363565938631052
Kanpur Nagar,591301,509924,79.65,34.32,-0.1376236468397652,0.12144654126409386
Kapurthala,95004,86025,79.07,34.86,-0.0945118100290514,0.14082727598837946
Karaikal,21564,22263,87.05,34.11,0.03241513633834168,0.1541940545353367
Karauli,249342,241357,66.22,43.12,-0.03202428792582076,0.2175902848296717
Karbi Anglong,150230,151681,69.25,40.1,0.009658523597151036,0.22334340943886039
Kargil,19381,19928,71.34,36.84,0.02822351787833445,0.22464940715133375
Karimganj,177431,211960,78.22,32.49,0.19460522682056686,0.26339809072822673
Karimnagar,465964,336053,64.15,49.7,-0.27880050819376606,0.1209197967224935
Karnal,192690,196610,74.73,34.28,0.02034355700866677,0.2082974228034667
Karur,103279,102731,75.6,51.04,-0.005306015743762042,0.1737495937024952
Kasaragod,159002,155807,90.09,35.41,-0.020094086866831864,0.11703836525326725
Kathua,81302,83936,73.09,32.51,0.032397726993185896,0.22311509079727437
Katihar,525449,620332,52.24,33.0,0.1805750891142623,0.3818780356457049
Katni,190717,193395,71.98,42.09,0.014041747720444428,0.20960469908817775
Kaushambi,265503,272172,61.28,39.95,0.02511836024451701,0.2679633440978068
Kawardha,111271,141904,60.85,49.14,0.275300842088235,0.35907233683529394
Kendrapara,174956,161159,85.15,32.41,-0.07885982761380005,0.12084406895447997
Kendujhar,243655,259403,68.24,42.54,0.06463236953889721,0.24725294781555895
Khagaria,278691,340880,57.92,33.64,0.2231467826374013,0.3708747130549605
Khammam,350150,281922,64.81,50.41,-0.19485363415678994,0.150478546337284
Kheda,296430,291133,82.65,40.61,-0.01786931147319772,0.1474002754107209
Kheri,636038,662296,60.56,31.45,0.04128369688603511,0.28808547875441404
Khordha,230471,237394,86.88,35.18,0.030038486403929344,0.15277539456157177
Kinnaur,9304,8246,80.0,66.9,-0.11371453138435082,0.09023418744625963
Kishanganj,287937,346904,55.46,31.3,0.2047913258803141,0.37814853035212564
Koch Bihar,387130,344645,74.78,40.01,-0.10974349701650608,0.14914660119339757
Kodagu,69574,54733,82.61,50.3,-0.21331244430390664,0.05778702227843735
Kodarma,101912,132375,66.84,35.94,0.2989147499803752,0.3556058999921501
Kohima,46894,51701,81.59,53.66,0.1025077835117499,0.1849791134046999
Kokrajhar,162841,136924,65.22,38.45,-0.15915524959930238,0.17714190016027903
Kolar,336469,302709,72.075,48.845,-0.10033613795030151,0.1552915448198794
Kolasib,10566,13482,93.5,43.68,0.27597955706984667,0.20917582282793862
Kolhapur,449883,408942,81.51,43.96,-0.09100366095184748,0.11959853561926098
Kolkata,390282,339323,86.31,39.93,-0.13056969063395185,0.08556812374641926
Kollam,292599,254260,94.09,34.61,-0.1310291559438002,0.05442433762247986
Koppal,208004,201654,68.09,47.11,-0.030528259071940924,0.20442469637122357
Koraput,200689,225126,49.21,50.26,0.12176551779120928,0.35218620711648374
Korba,171840,172016,72.37,43.19,0.0010242085661080075,0.20120568342644318
Koriya,100269,95784,70.64,46.6,-0.044729677168416956,0.1871161291326332
Kota,250910,255056,76.56,38.38,0.01652385317444502,0.19306554126977798
Kottayam,212622,174486,97.21,37.26,-0.179360555351751,0.016935777859299603
Kozhikode,347146,335645,95.08,30.75,-0.033130152731127537,0.09346393890754899
Krishna,498597,435884,73.74,45.36,-0.1257789356935561,0.14130442572257756
Kullu,52820,50431,79.4,61.45,-0.045229079893979555,0.12704836804240816
Kupwara,112596,188798,64.51,26.32,0.676773597641124,0.5294774390564496
Kurnool,537606,506239,59.97,50.07,-0.05834570298694583,0.22872171880522166
Kurukshetra,117255,116957,76.31,34.91,-0.0025414694469319005,0.19080341222122724
Kushinagar,586465,568581,65.25,31.34,-0.03049457341870359,0.23699417063251857
Lahul & Spiti,3664,3125,76.81,61.13,-0.1471069868995633,0.09911320524017467
Lakhimpur,150312,156739,77.2,41.26,0.042757730587045614,0.1970310922348182
Lakhisarai,169320,188214,62.42,32.63,0.11158752657689582,0.3058630106307584
Lakshadweep,9091,7255,91.85,29.09,-0.2019579804201958,0.04342880783192168
Lalitpur,200349,212205,63.52,41.2,0.05917673659464235,0.269334694637857
Latur,326777,317811,77.26,42.66,-0.027437671561952034,0.16698493137521914
Lawngtlai,13991,22483,65.88,38.65,0.6069616181831177,0.48018064727324716
Leh (Ladakh),12732,12016,77.2,56.24,-0.05623625510524662,0.13945749795790133
Lohardaga,72022,77649,67.61,47.93,0.0781289050567882,0.24920756202271524
Lohit,28596,27373,62.32,45.715,-0.04276821933137502,0.22889871226744996
Lower Subansiri,18012,27308,61.55,38.845,0.5161003775260937,0.4643861510104375
Lucknow,547950,543641,77.29,33.61,-0.007863856191258326,0.18553045752349664
Ludhiana,371010,384114,82.2,36.72,0.03531980270073583,0.17550392108029428
Lunglei,23052,25117,88.86,48.5,0.08958007981953843,0.1511040319278154
Madhepura,330409,404576,52.25,38.84,0.22447027774667155,0.39238011109866866
Madhubani,725999,810479,58.62,36.48,0.116363796644348,0.32139351865773924
Madurai,295276,313978,83.45,44.59,0.06333735217220499,0.17126694086888197
Mahasamund,136705,134448,71.02,48.34,-0.01651000329175963,0.19449199868329617
Mahbubnagar,547506,527230,55.04,51.38,-0.0370333841090326,0.259338646356387
Mahe,4274,4553,97.87,28.22,0.06527842770238652,0.1224713710809546
Mahendragarh,128151,111181,77.72,36.72,-0.13242190852978128,0.12991123658808748
Mahesana,258139,237932,83.61,39.9,-0.07827953157020055,0.11948018737191979
Mahoba,134725,128129,65.27,39.92,-0.0489589905362776,0.21921640378548896
Mahrajganj,457699,423537,62.76,37.03,-0.07463857251162882,0.22446057099534847
Mainpuri,302942,284349,75.99,30.02,-0.06137478461223601,0.17467408615510563
Malappuram,551525,574041,93.57,25.83,0.040824985268120215,0.1361979941072481
Maldah,639904,609040,61.73,38.55,-0.048232234835225284,0.2381431060659099
Malkangiri,89813,109092,48.54,50.66,0.21465712090677297,0.3920788483627092
Mamit,11170,15495,84.93,45.55,0.38719785138764545,0.29255514055505816
Mandi,119949,112074,81.53,57.28,-0.06565290248355551,0.11365883900657778
Mandla,144395,150263,66.87,53.05,0.04063852626475986,0.23161941050590393
Mandsaur,196638,177659,71.78,50.71,-0.09651745847699834,0.15599701660920065
Mandya,205147,172685,70.4,48.26,-0.15823775146602193,0.14087289941359118
Mansa,96089,84763,61.83,42.68,-0.11786989145479712,0.20485204341808114
Marigaon,148758,163819,68.03,36.68,0.10124497506016483,0.26993799002406593
Mathura,405854,404276,70.36,33.01,-0.003888097690302424,0.221104760923879
Mau,373910,341182,73.09,31.58,-0.0875290845390602,0.1762603661843759
Mayurbhanj,364717,351834,63.17,48.56,-0.03532327804845949,0.22438268878061618
Medak,402643,367603,61.42,47.55,-0.087024982428603,0.2133140070285588
Medinipur,1380497,1272666,70.95,39.36,-0.07811027477785175,0.18096389008885927
Meerut,517960,503719,72.84,31.67,-0.027494401112054985,0.201366239555178
Mirzapur,425405,410621,68.48,35.32,-0.03475276501216488,0.215010893995134
Moga,116296,107336,70.68,36.07,-0.07704478227970007,0.1866340870881199
Mokokchung,23575,20536,91.62,51.42,-0.12890774125132556,0.04695690349946976
Mon,38994,40342,56.99,59.0,0.034569420936554345,0.2694757683746217
Moradabad,773996,784219,56.77,29.71,0.01320807859472142,0.29713523143788856
Morena,298581,305156,71.03,34.38,0.02202082516971944,0.22660833006788775
Muktsar,104585,104419,65.81,37.18,-0.001587225701582445,0.23886110971936697
Mumbai,339723,272886,89.21,41.63,-0.19673969675294284,0.0431401212988229
Mumbai (Suburban),1024700,930884,89.91,39.92,-0.09155460134673563,0.08390615946130574
Munger,205735,229860,70.46,31.19,0.11726249787347802,0.27126899914939123
Murshidabad,1044534,1013392,66.59,36.46,-0.02981425209710742,0.22469029916115701
Muzaffarnagar,677902,646062,69.12,31.17,-0.046968440866083885,0.2120326236535664
Muzaffarpur,741706,845335,63.43,32.23,0.13971708466697047,0.3127468338667882
Mysore,323555,305561,72.79,43.79,-0.05561341966589915,0.1758146321336403
Nabarangapur,187048,207911,46.43,50.04,0.11153821478978658,0.36170328591591466
Nadia,606395,525180,74.97,35.66,-0.1339308536514978,0.14377965853940086
Nagaon,426280,459940,72.37,34.71,0.07896218447968471,0.24255687379187388
Nagapattinam,183346,165245,83.59,41.57,-0.0987259062101164,0.10939363751595338
Nagaur,526511,507176,62.8,43.11,-0.03672287948399938,0.23213884820640024
Nagpur,525850,497087,88.39,40.15,-0.0546981078254255,0.10566875686982978
Nainital,113645,124272,83.88,39.41,0.09351049320251661,0.18748819728100666
Nalanda,461240,518681,64.43,36.33,0.124536033301535,0.29695441332061395
Nalbari,170213,218205,73.94,38.745,0.28195261231515806,0.31137504492606327
Nalgonda,455958,371735,64.2,49.92,-0.1847165747722378,0.15804937009110487
Namakkal,152685,150699,74.63,52.02,-0.013007171627861283,0.17414913134885548
Nanded,477303,459572,75.45,44.45,-0.037148310402406855,0.16964067583903722
Nandurbar,230213,240222,64.38,48.05,0.04347712770347461,0.2507068510813899
Narmada,80968,78123,72.31,49.94,-0.03513733820768699,0.17892906471692516
Narsimhapur,153821,142250,75.69,43.76,-0.0752237990911514,0.15408648036353942
Nashik,789398,827935,82.31,45.25,0.048818213372722,0.1701392853490888
Navsari,149283,135170,83.88,44.51,-0.09453856098819022,0.1061485756047239
Nawada,359410,393547,59.76,36.82,0.09498066275284495,0.30696026510113794
Nawanshahr,71419,62719,79.78,33.37,-0.1218163233873339,0.1282854706450664
Nayagarh,113180,106871,80.42,35.69,-0.05574306414560876,0.14885877434175648
Neemuch,116406,107384,70.8,50.68,-0.07750459598302493,0.16834216160679003
Nellore,328412,304309,68.9,44.36,-0.07339256787206314,0.1866909728511747
New Delhi,21496,12760,88.34,41.93,-0.40640119091924076,-0.03690847636769637
Nicobars,5390,4389,78.06,46.48,-0.18571428571428572,0.09525028571428568
Nizamabad,337429,282417,61.25,49.43,-0.1630328157923593,0.18147087368305626
North,107113,103304,86.85,33.38,-0.03556057621390494,0.12883976951443804
North Cachar Hills,30807,32414,77.54,39.71,0.05216346934138345,0.20102138773655334
North District,5958,4677,78.01,53.44,-0.2150050352467271,0.07542198590130914
North East,296317,301947,83.09,29.5,0.018999922380423667,0.17336796895216944
North Goa,80129,77705,89.57,40.06,-0.030251219907898513,0.10989151203684061
North Tripura,85617,99204,87.5,35.83,0.15869511896001962,0.20048204758400784
North Twenty Four Parganas,1054338,957973,84.06,35.68,-0.09139858375587336,0.11713656649765065
North West,430805,449894,84.45,32.5,0.0443100706816309,0.17336402827265235
Nuapada,84521,88344,57.35,50.04,0.04523136261994061,0.2827645450479762
Osmanabad,223183,207096,78.44,46.69,-0.07207986271355793,0.13862805491457683
Palakkad,318884,302297,89.31,37.09,-0.05201578003286462,0.10599768798685413
Palamu,429130,467427,61.57,39.935,0.08924335283014471,0.29223934113205785
Pali,337864,297434,62.39,41.34,-0.11966353325598465,0.20305458669760612
Panch Mahals,341284,361311,70.99,45.91,0.058681332848888317,0.22762853313955533
Panchkula,65997,66302,81.88,37.68,0.004621422185856933,0.16360856887434277
Panipat,158592,169662,75.94,34.2,0.06980175544794189,0.22236870217917676
Panna,171060,163620,64.79,42.5,-0.043493511048754825,0.22061059558049806
Papum Pare,21051,25170,79.95,37.25,0.1956676642439789,0.24980706569759153
Parbhani,252435,257320,73.34,44.81,0.019351516231901282,0.2019366064927605
Pashchim Champaran,648358,776031,55.7,37.58,0.19691744375792386,0.36631097750316954
Pashchim Singhbhum,374029,421089,63.165,43.315,0.12581912097725043,0.29515764839090014
Patan,190192,184779,72.3,41.29,-0.02846071338436948,0.19202771464625218
Pathanamthitta,127024,96837,96.55,32.8,-0.23764800352689255,0.002140798589242973
Patiala,240030,212892,75.28,34.83,-0.11306086739157606,0.15163565304336957
Patna,818994,943552,70.68,32.23,0.15208658427290064,0.2828946337091602
Perambalur,60478,59567,74.32,53.03,-0.015063328813783524,0.1736026684744866
Phek,27087,27752,78.05,49.12,0.02455052239081478,0.1762362089563259
Pilibhit,324528,304920,61.47,30.46,-0.06042005620470345,0.24422397751811858
Pithoragarh,72080,63293,82.25,44.78,-0.12190621531631521,0.10270151387347391
Pondicherry,88209,99838,85.44,36.63,0.13183462005010826,0.19866584802004333
Porbandar,76099,65926,75.78,39.49,-0.13368112590178582,0.13539554963928563
Prakasam,389344,378261,63.08,50.05,-0.0284658297032958,0.22576966811868165
Pratapgarh,512097,150518,55.97,55.46,-0.7060752162188023,-0.01763808648752093
Pudukkottai,183820,179688,77.19,47.07,-0.02247851158742248,0.164012595365031
Pulwama,84984,210422,61.15666667,34.75333333,1.4760190153440647,0.8551516061256259
Punch,67059,84674,66.74,33.85,0.2626791333005264,0.34409965332021053
Pune,968851,1104959,86.15,42.94,0.14048393406210036,0.19114557362484014
Purba Champaran,837642,1018297,55.79,34.07,0.21567089520344013,0.37759235808137603
Purba Singhbhum,283307,296626,75.49,36.5,0.0470126047009075,0.21265304188036305
Puri,188558,172888,84.67,36.6,-0.08310440288929666,0.11642223884428132
Purnia,549690,656510,51.08,35.02,0.19432771198311777,0.3905230847932471
Puruliya,408803,410227,64.48,42.65,0.003483340386445305,0.2407093361545781
Rae Bareli,530789,482517,67.25,35.37,-0.09094385904756881,0.19837845638097248
Raichur,283068,283733,59.56,46.84,0.0023492588353328527,0.2588437035341331
Raigarh,201555,195069,73.26,46.2,-0.032179802039145645,0.18004007918434173
Raigarh,314767,300815,83.14,40.73,-0.04432484980954166,0.1343220600761833
Raipur,515582,583382,75.56,43.25,0.13150187555034892,0.23801275022013954
Raisen,212279,207699,72.98,38.89,-0.021575379571224663,0.19439784817151012
Rajauri,79394,108271,68.17,45.28,0.363717661284228,0.36393506451369123
Rajgarh,232329,231987,61.21,48.23,-0.0014720504112702246,0.24772717983549192
Rajkot,427184,438580,80.96,38.88,0.026677029102213565,0.17540681164088542
Rajnandgaon,217244,209575,75.96,52.05,-0.035301320174550274,0.15881147193017991
Rajsamand,180184,176041,63.14,47.63,-0.022993162544954048,0.2305747349820184
Ramanathapuram,149587,140644,80.72,44.55,-0.059784606951138804,0.13517015721954445
Rampur,398223,379227,53.34,31.56,-0.04770191576076721,0.2870152336956931
Ranchi,461085,487506,69.96,44.05,0.05730179901753473,0.23425271960701394
Rangareddi,500024,633172,75.87,41.46,0.26628321840551655,0.29258528736220657
Ratlam,213869,218354,66.78,47.49,0.020970781179133022,0.23085631247165314
Ratnagiri,236601,155560,82.18,44.21,-0.3425217983017823,0.015475280679287037
Rayagada,145493,148522,49.76,48.26,0.020818871010976472,0.3115675484043906
Rewa,374637,351983,71.62,41.94,-0.06046920085309246,0.18170831965876297
Rewari,116564,113893,80.99,37.51,-0.022914450430664698,0.15707021982773414
Ri Bhoi,42546,52862,75.67,41.13,0.24246697691909933,0.2844147907676397
Rohtak,136424,129330,80.22,32.6,-0.05199964815574972,0.1550241407377001
Rohtas,484359,506810,73.37,31.25,0.04635198272355835,0.2288647930894233
Rudraprayag,35876,32046,81.3,46.65,-0.1067566060876352,0.11107735756494594
Rupnagar,142623,188570,82.995,34.96,0.3221570153481556,0.2885348061392622
Sabar Kantha,324716,345490,75.79,44.67,0.06397590509860925,0.20819436203944366
Sagar,369804,356903,76.46,42.3,-0.03488604774421045,0.16827758090231584
Saharanpur,538226,519591,70.49,29.93,-0.03462300223326261,0.21188279910669494
Saharsa,316930,387479,53.2,34.19,0.22260120531347616,0.39265248212539045
Sahibganj,194340,221955,52.04,42.61,0.1420963260265514,0.3559145304106206
Saiha,11191,9653,90.01,34.4,-0.1374318648914306,0.07169925404342775
Salem,351859,344960,72.86,48.65,-0.01960728587303437,0.18404908565078623
Samastipur,711168,797381,61.86,31.52,0.12122733306335493,0.31373893322534196
Sambalpur,125433,117848,76.22,48.59,-0.060470530083789754,0.1516477879664841
Sangli,341643,306777,81.48,43.06,-0.10205389836759424,0.11640244065296225
Sangrur,263993,246321,67.905,34.755,-0.06694116889462978,0.20557353244214804
Sant Kabir Nagar,293402,283912,66.72,31.45,-0.032344701126781686,0.22906611954928732
Sant Ravidas Nagar Bhadohi,273535,258583,68.97,29.82,-0.054662109053686,0.21129515637852558
Saran,647273,681142,65.96,26.32,0.05232568019985385,0.27273827207994156
Satara,368531,317885,82.87,45.11,-0.13742670223129128,0.09312131910748349
Satna,345813,330661,72.26,40.89,-0.043815588193619096,0.18655776472255237
Sawai Madhopur,206750,201188,65.39,43.28,-0.02690205562273277,0.22343117775090685
Sehore,205301,197429,70.06,44.69,-0.038343700225522526,0.19474651990979097
Senapati,21895,26232,74.13,45.45,0.19808175382507423,0.26886870153002973
Seoni,196869,180784,72.12,49.63,-0.0817040773306107,0.1615863690677557
Serchhip,9108,9299,97.91,49.89,0.020970575318401404,0.07855223012736057
Shahdol,267881,265877,67.275,46.245,-0.0074809336981719494,0.21859362652073117
Shahjahanpur,502037,502625,59.54,29.68,0.0011712284154355157,0.27906049136617417
Shajapur,234576,217759,69.09,47.46,-0.07169105108792033,0.18273957956483183
Sheikhpura,109782,121647,63.86,35.3,0.10807782696616931,0.29434313078646773
Sheohar,106442,128698,53.78,32.97,0.2090903966479397,0.3859281586591759
Sheopur,112229,116639,57.43,40.34,0.039294656461342434,0.29164586258453695
Shimla,85089,81564,83.64,52.94,-0.0414272115079505,0.11842911539681979
Shimoga,208163,182751,80.45,44.54,-0.12207741049081729,0.11156103580367309
Shivpuri,282253,285770,62.55,43.99,0.012460452147541391,0.2519561808590166
Shrawasti,235122,211706,46.74,36.13,-0.09959085070729239,0.29245565971708304
Sibsagar,149098,139380,80.41,42.2,-0.0651786073589183,0.1373205570564327
Siddharthnagar,435014,485138,59.25,34.34,0.11522387785220706,0.3204815511408828
Sidhi,377361,404320,62.42,41.68,0.0714408749181818,0.27894434996727274
Sikar,418583,379874,71.91,37.59,-0.09247628307886369,0.17273348676845451
Sindhudurg,105518,71193,85.56,40.86,-0.32529994882389734,0.010160020470441025
Sirmaur,68431,69620,78.8,52.86,0.01737516622583332,0.16527806649033336
Sirohi,168985,173364,55.25,40.51,0.025913542622126223,0.29655341704885047
Sirsa,167677,157667,68.82,38.76,-0.059698110056835466,0.19927275597726582
Sitamarhi,556582,663227,52.05,32.56,0.19160698693094638,0.3877307947723786
Sitapur,713356,747558,61.12,31.73,0.04794520547945205,0.28772608219178086
Sivaganga,132891,137235,79.85,46.31,0.03268844391268032,0.1742233775650721
Siwan,549611,551418,69.45,28.0,0.003287779902512868,0.2343551119610051
Solan,66434,68137,83.68,51.48,0.02563446428033838,0.1468137857121353
Solapur,569609,538453,77.02,43.97,-0.05469716946185892,0.15566113221525643
Sonbhadra,302834,323092,64.03,39.21,0.06689473440895012,0.27236189376358005
Sonepur,77259,74821,74.42,46.98,-0.03155619410036371,0.1737855223598545
Sonipat,196479,188262,79.12,36.08,-0.04182126334112043,0.16019949466355182
Sonitpur,273825,277862,67.34,40.05,0.014742992787364193,0.23460519711494568
South,334941,331043,86.57,33.84,-0.01163787055033573,0.13920085177986574
South  Twenty Four Parganas,1050120,1025679,77.51,36.32,-0.023274482916238143,0.17505820683350473
South District,20674,15744,81.42,50.9,-0.23846377091999613,0.05271849163200153
South Garo Hills,21314,27909,71.72,37.28,0.30942103781552033,0.33477641512620815
South Goa,65839,66906,87.59,38.97,0.01620619997266058,0.13928647998906424
South Tripura,110028,111949,84.66,41.88,0.017459192205620387,0.15035967688224813
South West,250456,267989,88.28,34.69,0.07000431213466637,0.16262972485386654
Srikakulam,336093,281037,61.74,47.73,-0.16381180209049281,0.18084727916380283
Srinagar,129230,208894,63.725,33.42,0.6164512884005262,0.5005965153602104
Sultanpur,616861,563373,69.27,32.73,-0.08670997193857287,0.19354401122457085
Sundargarh,264988,263160,73.34,41.71,-0.006898425589083279,0.19515662976436665
Supaul,367302,437357,57.67,39.37,0.19072861024443102,0.3522314440977724
Surat,699672,825361,76.895,48.93,0.17963988840485257,0.24404395536194107
Surendranagar,247294,240011,72.13,41.2,-0.029450775190663744,0.19255568992373454
Surguja,377936,380445,60.01,48.98,0.006638690148596588,0.2558314760594386
Tamenglong,15599,19307,70.05,50.25,0.2377075453554715,0.29854301814218864
Tawang,6515,5788,59.0,57.15,-0.1115886415963162,0.20358454336147352
Tehri Garhwal,98524,84657,76.36,45.31,-0.14074743209776297,0.12280102716089482
Thane,1144896,1327146,84.53,40.62,0.15918476438034546,0.20918590575213816
Thanjavur,259632,238598,82.64,40.49,-0.08101466691316941,0.12233413323473222
The Dangs,36547,40743,75.16,51.8,0.11481106520371029,0.22299642608148415
The Nilgiris,85860,66799,85.2,47.59,-0.22200093174935942,0.04513162730025623
Theni,126127,119661,77.26,47.49,-0.05126578765847122,0.15165768493661147
Thiruvallur,329761,405669,84.03,41.26,0.23019095648060262,0.23922038259224102
Thiruvananthapuram,368515,307061,93.02,37.31,-0.16676119018221783,0.042027523927112904
Thiruvarur,140099,121973,82.86,42.73,-0.12937993847208046,0.0992440246111678
Thoothukkudi,184411,183763,86.16,42.74,-0.0035138901692415314,0.1337384439323034
Thoubal,59827,60556,74.47,46.27,0.01218513380246377,0.19189405352098549
Thrissur,332459,303950,95.08,35.11,-0.08575192730532186,0.06718322907787128
Tikamgarh,229493,227564,61.43,45.35,-0.008405485134622843,0.2473538059461509
Tinsukia,184845,181826,69.66,41.96,-0.016332602991695745,0.20874695880332167
Tirap,20284,20045,52.19,44.8,-0.011782685860776966,0.2910149256556892
Tiruchirappalli,270043,272456,83.23,44.59,0.008935613957777094,0.15056224558311082
Tirunelveli,320175,321687,82.5,46.68,0.004722417427969079,0.14987296697118765
Tiruvannamalai,261295,272569,74.21,50.23,0.04314663502937293,0.20077465401174918
Tonk,223728,204038,61.58,45.67,-0.08800865336480011,0.21440853865407997
Tuensang,58981,59611,71.59666667,51.22333333,0.010681405876468692,0.19914056233858743
Tumkur,308162,265742,75.14,50.57,-0.13765486984118744,0.12358205206352503
Udaipur,491708,508550,61.82,44.51,0.03425203576106144,0.26355281430442457
Udham Singh Nagar,219291,229162,73.1,35.87,0.045013247237688736,0.2240812988950755
Udhampur,121446,140131,63.32,44.96,0.1538543879584342,0.3036537551833737
Udupi,114581,103160,86.24,43.59,-0.09967621158830871,0.09386951536467654
Ujjain,278787,271306,72.34,45.17,-0.02683410632490037,0.18783035747003982
Ukhrul,21037,24413,81.35,47.79,0.16047915577316157,0.21636366230926468
Umaria,97729,103414,65.89,44.93,0.05817106488350438,0.25308042595340174
Una,59712,59231,86.53,41.32,-0.008055332261521973,0.13184986709539123
Unnao,476318,435915,66.37,36.18,-0.08482358424413942,0.20407856630234417
Upper Siang,6396,4988,59.99,49.95,-0.22013758599124453,0.1640529656035022
Upper Subansiri,10897,12475,63.8,39.99,0.14481049830228504,0.303696199320914
Uttar Dinajpur,513266,485157,59.07,35.77,-0.05476497566563926,0.2516340097337443
Uttara Kannada,173503,150115,84.06,42.34,-0.1347988219223875,0.091784471231045
Uttarkashi,49758,46307,75.81,47.65,-0.0693556814984525,0.15118972740061898
Vadodara,493196,499811,78.92,40.65,0.01341251753866617,0.17776900701546647
Vaishali,543235,601893,66.6,30.34,0.10797905142341713,0.2871036205693669
Valsad,205596,215439,78.55,43.57,0.04787544504756902,0.18982617801902762
Varanasi,575882,497151,75.6,33.2,-0.13671377122396602,0.14259449151041362
Vellore,432180,432550,79.17,42.92,0.0008561247628303022,0.16882244990513207
Vidisha,231348,235391,70.53,37.73,0.01747583726680153,0.22317033490672056
Viluppuram,373175,404106,71.88,49.24,0.0828860454210491,0.2290424181684196
Virudhunagar,209147,197134,80.15,48.92,-0.05743806987429894,0.13360077205028037
Visakhapatnam,493124,452213,66.91,44.05,-0.08296290588168494,0.19278683764732604
Vizianagaram,295929,241657,58.89,49.39,-0.18339534145014513,0.18470186341994194
Warangal,452747,341168,65.11,48.56,-0.24644889971661876,0.13062044011335244
Wardha,155612,128901,86.99,46.76,-0.17165128653317224,0.057675485386731146
Washim,160486,152190,83.25,47.6,-0.05169298256545742,0.12260280697381702
Wayanad,104058,92324,89.03,41.6,-0.11276403544177285,0.07763038582329085
West,289668,288421,86.98,34.38,-0.00430492840078987,0.13951802863968402
West District,20153,15706,77.39,51.56,-0.22066193618816057,0.07839122552473574
West Garo Hills,101026,112514,67.58,39.75,0.11371330152633975,0.2734013206105359
West Godavari,459604,382887,74.63,45.04,-0.1669197831176404,0.12096008675294385
West Kameng,12569,11643,67.07,50.62,-0.07367332325562893,0.18785067069774844
West Khasi Hills,69333,87214,77.87,42.6,0.2579002783667229,0.27826411134668916
West Nimar,291137,299990,62.7,47.74,0.03040836444697857,0.25391534577879143
West Siang,17801,14855,66.46,43.8,-0.16549632043143644,0.16223347182742542
West Tripura,192899,190850,88.69,40.46,-0.01062213904685872,0.12148714438125649
Wokha,21931,20138,87.69,47.14,-0.08175641785600292,0.08981743285759881
Yamunanagar,150008,146789,77.99,32.06,-0.021458855527705187,0.17859245778891797
Yanam,4450,6204,79.47,30.13,0.3941573033707865,0.3400509213483146
Yavatmal,369402,330180,82.82,48.91,-0.1061770104114217,0.10130119583543135
Zunheboto,25287,20093,85.26,56.46,-0.20540198520979158,0.040839205916083345
