Country Name,Country Code,Indicator Name,Indicator Code,2000,2001,2002,2003,2004,2005,2006,2007,2008,2009,2010,2011,2012,2013,2014,2015,2016,2017,2018,2019,2020,2021,2022,2023,2024
Aruba,ABW,"Literacy rate, adult total (% of people ages 15 and above)",SE.ADT.LITR.ZS,97,83.95000077,52.42857143,43.07142857,84.87935708,35.15384615,56,68.83180046,76.66666667,100,93.57142857,98.14203644,76,97,74.77777778,82.27735901,81.88888889,81.88888889,82.44444444,95,84.5,98.17099762,98.30000305,97.93218603,100
Africa Eastern and Southern,AFE,"Literacy rate, adult total (% of people ages 15 and above)",SE.ADT.LITR.ZS,62.77009964,63.25819016,63.95227051,64.44235229,64.67675018,64.13368225,62.17927933,63.13407898,63.36717987,64.0625,64.80999756,66.87127686,68.54786682,69.38085938,70.03530884,70.44709015,71.1051712,71.02998352,71.49539948,72.65866089,72.85575867,72.63890839,72.98155975,73.27510834,100
Afghanistan,AFG,"Literacy rate, adult total (% of people ages 15 and above)",SE.ADT.LITR.ZS,55.17374039,56.01165581,56.72493934,57.26073074,58.05230522,57.83705139,57.20145035,56.71088982,57.0485096,57.46003533,58.11353875,31,60.56048775,61.40130425,62.08822441,33.7538414,63.28547478,63.75109101,65.62137414,66.10616494,66.27949906,37,66.63620567,66.89032936,100
Africa Western and Central,AFW,"Literacy rate, adult total (% of people ages 15 and above)",SE.ADT.LITR.ZS,47.57738113,48.76512146,49.49760818,50.07910919,51.42786026,51.54042053,52.22362137,50.28770065,50.72983932,50.85757065,51.41707993,52.02648926,52.57310867,53.42174911,54.14113998,55.0066185,55.46577835,56.47219849,59.74734879,59.55366898,59.70323944,60.0073204,60.29085159,60.50555038,100
Angola,AGO,"Literacy rate, adult total (% of people ages 15 and above)",SE.ADT.LITR.ZS,51.96589374,67,53.94686413,55.06409263,56.28818798,56.50627708,56.46646595,55.22693729,73.36491966,55.57966709,56.17273808,74.51324463,74.78655434,58.51913357,66,66.23586273,60.0288229,77.64421463,63.44904232,63.36713124,63.55779457,63.89038372,72.40000153,64.41772747,100
Albania,ALB,"Literacy rate, adult total (% of people ages 15 and above)",SE.ADT.LITR.ZS,56.35440635,99,58.39612007,60.04907608,61.1485157,61.47213364,60.70931053,60.16617394,96,60.30176354,60.92839623,97,97,63.61651802,68.77220408,69.16408793,64.59186745,98.81623077,67.15073586,67.1805935,67.4123497,67.77344704,98.5,68.32990456,100
Andorra,AND,"Literacy rate, adult total (% of people ages 15 and above)",SE.ADT.LITR.ZS,60.74291897,82.63047409,62.84537602,65.03405953,66.00884342,66.43799019,64.95215511,65.10541058,83.50508881,65.02385998,65.68405437,84.6017952,85.0341835,68.71390248,71.54440816,72.09231313,69.15491199,86.51422119,70.85242939,70.99405575,71.26690483,71.65651035,87.15922928,72.24208164,100
Arab World,ARB,"Literacy rate, adult total (% of people ages 15 and above)",SE.ADT.LITR.ZS,65.13143158,66.26094818,67.29463196,70.01904297,70.86917114,71.40384674,69.19499969,70.04464722,71.01017761,69.74595642,70.43971252,72.20359039,73.068367,73.81128693,74.31661224,75.02053833,73.71795654,74.21221161,74.55412292,74.80751801,75.12145996,75.53957367,75.81845856,76.15425873,100
United Arab Emirates,ARE,"Literacy rate, adult total (% of people ages 15 and above)",SE.ADT.LITR.ZS,64.4501614,81.63047409,64.35875633,66.01745606,71.69329972,90,65.51382793,73.78906632,68.45349121,73.52771187,74.13474846,81.46906026,76.43482113,77.08487606,77.52703571,78.14297104,82.47863769,82.80814107,71.59127934,98,83.41430664,98,98,79.13497639,100
Argentina,ARG,"Literacy rate, adult total (% of people ages 15 and above)",SE.ADT.LITR.ZS,63.76889123,97,61.42288069,62.01586914,72.51742831,84,61.83265616,77.53348542,65.89680481,77.30946732,77.82978439,90.73453013,79.80127525,80.3584652,80.73745918,81.26540375,91.23931885,91.40407054,68.62843577,98.28571429,91.70715332,92.58341713,95.19250012,82.11569405,100
Armenia,ARM,"Literacy rate, adult total (% of people ages 15 and above)",SE.ADT.LITR.ZS,63.08762105,99,58.48700506,58.01428223,73.34155689,78,58.1514844,81.27790451,63.34011841,81.09122276,81.52482033,100,83.16772938,83.63205433,83.94788265,84.38783646,100,100,65.66559219,98.57142857,100,87.16683426,92.38500023,85.09641171,100
American Samoa,ASM,"Literacy rate, adult total (% of people ages 15 and above)",SE.ADT.LITR.ZS,62.40635088,99,55.55112943,54.01269531,74.16568548,72,54.47031264,85.02232361,60.78343201,84.87297821,85.21985626,100,86.5341835,86.90564347,87.15830612,87.51026917,100,100,62.70274861,98.85714286,97.5,81.75025139,89.57750035,88.07712936,100
Antigua and Barbuda,ATG,"Literacy rate, adult total (% of people ages 15 and above)",SE.ADT.LITR.ZS,61.7250807,99,52.6152538,50.0111084,74.98981406,66,50.78914087,88.76674271,58.2267456,88.65473366,88.9148922,100,89.90063763,90.1792326,90.36872959,90.63270187,100,100,59.73990504,99.14285714,95,76.33366852,86.77000046,91.05784702,100
Australia,AUS,"Literacy rate, adult total (% of people ages 15 and above)",SE.ADT.LITR.ZS,61.04381053,92.5,49.67937816,46.00952149,75.81394265,60,47.10796911,92.51116181,55.6700592,92.4364891,92.60992813,100,93.26709175,93.45282173,93.57915306,93.75513458,100,100,56.77706146,99.42857143,92.5,70.91708565,83.96250057,94.03856468,100
Austria,AUT,"Literacy rate, adult total (% of people ages 15 and above)",SE.ADT.LITR.ZS,60.36254035,86,46.74350253,42.00793457,76.63807123,54,43.42679734,96.2555809,53.1133728,96.21824455,96.30496407,100,96.63354588,96.72641087,96.78957653,96.87756729,100,100,53.81421788,99.71428571,90,65.50050278,81.15500069,97.01928234,100
Azerbaijan,AZE,"Literacy rate, adult total (% of people ages 15 and above)",SE.ADT.LITR.ZS,59.68127018,79.5,43.8076269,38.00634766,77.46219982,48,39.74562558,100,50.5566864,100,100,100,100,100,100,100,100,100,50.85137431,100,87.5,60.08391991,78.34750081,100,100
Burundi,BDI,"Literacy rate, adult total (% of people ages 15 and above)",SE.ADT.LITR.ZS,59,73,40.87175127,34.00476074,78.2863284,42,36.06445382,82,48,100,99.28571429,91.8,77.64960607,92.2,62,93,65.68773651,68,47.88853073,82.5,85,54.66733704,75.54000092,99.71428571,100
Belgium,BEL,"Literacy rate, adult total (% of people ages 15 and above)",SE.ADT.LITR.ZS,63.75,66.5,37.93587563,30.00317383,79.11045699,36,32.38328205,64,51.58333333,100,98.57142857,83.6,55.29921214,84.4,53,86,67.51580238,53.4356041,44.92568715,65,82.5,49.25075417,61.3199997,99.42857143,100
Benin,BEN,"Literacy rate, adult total (% of people ages 15 and above)",SE.ADT.LITR.ZS,68.5,60,35,26.00158691,79.93458557,30,28.70211029,46,55.16666667,100,97.85714286,75.4,32.94881821,76.6,44,79,69.34386825,38.87120819,41.96284358,47.5,80,43.8341713,47.09999847,99.14285714,100
Burkina Faso,BFA,"Literacy rate, adult total (% of people ages 15 and above)",SE.ADT.LITR.ZS,73.25,53.5,37.9047619,22,80.75871415,24,22,28,58.75,100,97.14285714,67.2,45.47440911,68.8,35,72,71.17193413,55.9356041,39,30,77.5,36.96738052,34.49000168,98.85714286,100
Bangladesh,BGD,"Literacy rate, adult total (% of people ages 15 and above)",SE.ADT.LITR.ZS,78,47,40.80952381,26.21428571,81.58284274,26.23076923,28.8,46.66360092,62.33333333,100,96.42857143,59,58,61,61,65,73,73,74,75,75,76,55.66000112,98.57142857,100
Bulgaria,BGR,"Literacy rate, adult total (% of people ages 15 and above)",SE.ADT.LITR.ZS,82.75,98,43.71428571,30.42857143,82.40697132,28.46153846,35.6,52.20565081,65.91666667,100,95.71428571,98,62.5,70,64.44444444,69.31933975,75.22222222,75.22222222,76.11111111,80,77.375,98.41999817,76.83000056,98.28571429,100
Bahrain,BHR,"Literacy rate, adult total (% of people ages 15 and above)",SE.ADT.LITR.ZS,87.5,87,46.61904762,34.64285714,83.23109991,30.69230769,42.4,57.74770069,69.5,100,95,92.30000305,67,79,67.88888889,73.6386795,77.44444444,77.44444444,78.22222222,85,79.75,98.33699799,98,98,100
"Bahamas, The",BHS,"Literacy rate, adult total (% of people ages 15 and above)",SE.ADT.LITR.ZS,92.25,85.47500038,49.52380952,38.85714286,84.05522849,32.92307692,49.2,63.28975058,73.08333333,100,94.28571429,95.22101975,71.5,88,71.33333333,77.95801926,79.66666667,79.66666667,80.33333333,90,82.125,98.2539978,98.15000153,97.96609301,100
Bosnia and Herzegovina,BIH,"Literacy rate, adult total (% of people ages 15 and above)",SE.ADT.LITR.ZS,97,83.95000077,52.42857143,43.07142857,84.87935708,35.15384615,56,68.83180046,76.66666667,100,93.57142857,98.14203644,76,97,74.77777778,82.27735901,81.88888889,81.88888889,82.44444444,95,84.5,98.17099762,98.30000305,97.93218603,100
Belarus,BLR,"Literacy rate, adult total (% of people ages 15 and above)",SE.ADT.LITR.ZS,94.8,82.42500115,55.33333333,47.28571429,85.70348566,37.38461538,62.8,74.37385035,80.25,100,92.85714286,96.60652733,80.5,95.8,78.22222222,86.59669876,84.11111111,84.11111111,84.55555556,100,86.875,98.08799744,97.57800293,97.89827904,100
Belize,BLZ,"Literacy rate, adult total (% of people ages 15 and above)",SE.ADT.LITR.ZS,92.6,80.90000153,58.23809524,51.5,86.52761425,39.61538462,69.6,79.91590023,83.83333333,97,92.14285714,95.07101822,85,94.6,81.66666667,90.91603851,86.33333333,86.33333333,86.66666667,93.60475455,89.25,98.00499726,96.85600281,97.86437206,100
Bermuda,BMU,"Literacy rate, adult total (% of people ages 15 and above)",SE.ADT.LITR.ZS,90.4,83.95000077,61.14285714,55.71428571,87.35174283,41.84615385,76.4,85.45795012,87.41666667,94,91.42857143,93.53550911,89.5,93.4,85.11111111,91.45801926,88.55555556,88.55555556,88.77777778,87.20950911,91.625,97.92199707,96.13400268,97.83046507,100
Bolivia,BOL,"Literacy rate, adult total (% of people ages 15 and above)",SE.ADT.LITR.ZS,88.2,87,64.04761905,59.92857143,88.17587142,44.07692308,83.2,91,91,91,90.71428571,92,94,92.2,88.55555556,92,90.77777778,90.77777778,90.88888889,80.81426366,94,97.83899689,95.41200256,97.79655809,100
Brazil,BRA,"Literacy rate, adult total (% of people ages 15 and above)",SE.ADT.LITR.ZS,86,89,66.95238095,64.14285714,89,46.30769231,90,90,90,90,90,91,91,91,92,92,93,93,93,74.41901822,84.58166695,97.75599671,94.69000244,97.7626511,100
Barbados,BRB,"Literacy rate, adult total (% of people ages 15 and above)",SE.ADT.LITR.ZS,79,91,69.85714286,68.35714286,89.25,48.53846154,90.125,88.53846154,90.1875,90.1875,79.35052185,93.5,79,89.95579529,93.04494258,93.04746464,93.90717316,84.33333333,81.8,68.02377277,75.16333389,97.67299652,87.16000112,97.72874411,100
Brunei Darussalam,BRN,"Literacy rate, adult total (% of people ages 15 and above)",SE.ADT.LITR.ZS,72,93,72.76190476,72.57142857,89.5,50.76923077,90.25,87.07692308,90.375,90.375,68.7010437,96,67,88.91159057,94.08988517,94.09492929,94.81434631,75.66666667,70.6,61.62852733,65.74500084,97.58999634,79.62999979,97.69483713,100
Bhutan,BTN,"Literacy rate, adult total (% of people ages 15 and above)",SE.ADT.LITR.ZS,65,90.83333333,75.66666667,76.78571429,89.75,53,90.375,85.61538462,90.5625,90.5625,58.05156555,96.125,55,87.86738586,95.13482775,95.14239393,95.72151947,67,59.4,55.23328188,56.32666779,97.96711579,72.09999847,97.66093014,100
Botswana,BWA,"Literacy rate, adult total (% of people ages 15 and above)",SE.ADT.LITR.ZS,58,88.66666667,78.57142857,81,90,54.91666667,90.5,84.15384615,90.75,90.75,47.4020874,96.25,53.44240316,86.82318115,96.17977033,96.18985857,96.62869263,75.09255219,48.2,48.83803644,46.90833473,98.34423523,78.94683647,97.62702316,100
Central African Republic,CAF,"Literacy rate, adult total (% of people ages 15 and above)",SE.ADT.LITR.ZS,51,86.5,81.47619048,81.52624321,90.25,56.83333333,90.625,82.69230769,90.9375,90.9375,36.75260925,96.375,51.88480632,90.98108673,97.22471291,97.23732321,97.53586579,83.18510437,37,42.44279099,37.49000168,98.72135468,85.79367447,97.59311617,100
Canada,CAN,"Literacy rate, adult total (% of people ages 15 and above)",SE.ADT.LITR.ZS,57.66666667,84.33333333,84.38095238,82.05248642,90.5,58.75,90.75,81.23076923,91.125,91.125,46.46050771,96.5,50.32720947,95.13899231,98.2696555,98.28478786,98.44303894,91.27765656,68.20933914,70.94045449,68.47329903,99.09847412,92.64051246,97.55920919,100
Central Europe and the Baltics,CEB,"Literacy rate, adult total (% of people ages 15 and above)",SE.ADT.LITR.ZS,64.33333333,82.16666667,87.28571429,82.57872963,90.75,60.66666667,90.875,79.76923077,91.3125,91.3125,56.16840617,96.625,48.76961263,99.29689789,99.31459808,99.3322525,99.3502121,99.37020874,99.41867828,99.43811798,99.45659637,99.47559357,99.48735046,97.5253022,100
Switzerland,CHE,"Literacy rate, adult total (% of people ages 15 and above)",SE.ADT.LITR.ZS,71,80,90.19047619,83.10497284,91,62.58333333,91,78.30769231,91.5,91.5,65.87630463,96.75,47.21201579,98.19793193,88.25167846,98.554835,89.48810578,98.24680583,94.94008636,97.55049438,98.84244728,89.58060303,98.71156819,97.49139522,100
Channel Islands,CHI,"Literacy rate, adult total (% of people ages 15 and above)",SE.ADT.LITR.ZS,77.66666667,77.83333333,93.0952381,83.63121605,91.25,64.5,91.125,76.84615385,91.6875,91.6875,75.58420308,96.875,45.65441895,97.09896596,77.18875885,97.7774175,79.62599945,97.12340291,90.46149444,95.66287079,98.22829819,79.68561249,97.93578593,97.45748823,100
Chile,CHL,"Literacy rate, adult total (% of people ages 15 and above)",SE.ADT.LITR.ZS,84.33333333,75.66666667,96,84.15745926,91.5,66.41666667,91.25,75.38461538,91.875,91.875,85.29210154,97,44.0968221,96,66.12583923,97,69.76389313,96,85.98290253,93.77524719,97.61414909,69.79062195,97.16000366,97.42358124,100
China,CHN,"Literacy rate, adult total (% of people ages 15 and above)",SE.ADT.LITR.ZS,91,73.5,95.31874313,84.68370247,91.75,68.33333333,91.375,73.92307692,92.0625,92.0625,95,93.4622345,42.53922526,95.75,55.06291962,96.5,59.9017868,96.23076923,81.50431061,91.8876236,97,59.89563141,93.00500298,97.38967426,100
Cote d'Ivoire,CIV,"Literacy rate, adult total (% of people ages 15 and above)",SE.ADT.LITR.ZS,49,71.33333333,94.63748627,85.20994568,92,70.25,91.5,72.46153846,92.25,92.25,83,89.924469,40.98162842,95.5,44,96,50.03968048,96.46153846,77.02571869,90,87.61500168,50.00064087,88.85000229,97.35576727,100
Cameroon,CMR,"Literacy rate, adult total (% of people ages 15 and above)",SE.ADT.LITR.ZS,68,69.16666667,93.9562294,85.73618889,92.25,72.16666667,91.625,71,92.4375,92.4375,71,86.38670349,57.99081421,95.25,56.5,95.5,63.51984024,96.69230769,72.54712677,91.25,78.23000336,60.20376078,84.69500161,97.32186029,100
"Congo, Dem. Rep.",COD,"Literacy rate, adult total (% of people ages 15 and above)",SE.ADT.LITR.ZS,68,67,93.27497254,86.2624321,92.5,74.08333333,91.75,61.20555115,92.625,92.625,78.33333333,82.84893799,75,95,69,95,77,96.92307692,73.55303192,92.5,84.15333557,70.4068807,80.54000092,97.2879533,100
"Congo, Rep.",COG,"Literacy rate, adult total (% of people ages 15 and above)",SE.ADT.LITR.ZS,68,70.65700277,92.59371567,86.78867531,92.75,76,91.875,77.10277558,92.8125,92.8125,85.66666667,79.31117249,66.39871343,94.75,81.5,94.5,86,97.15384615,84.27651596,93.75,90.07666779,80.61000061,74.26333364,97.25404632,100
Colombia,COL,"Literacy rate, adult total (% of people ages 15 and above)",SE.ADT.LITR.ZS,68,74.31400553,91.9124588,87.31491852,93,93,92,93,93,93,93,94,57.79742686,94.5,94,94,95,97.38461538,95,95,96,84.96750069,67.98666636,97.22013933,100
Comoros,COM,"Literacy rate, adult total (% of people ages 15 and above)",SE.ADT.LITR.ZS,68,77.9710083,91.23120194,87.84116173,92.15926933,92.22449494,91.51491928,92.40321732,92.45961762,93.08541679,92.78571429,95,49.19614029,94.25,93.85714286,90.5,94.92857143,97.61538462,94.09385579,95.53098145,96.01678324,89.32500077,61.70999908,97.18623234,100
Cabo Verde,CPV,"Literacy rate, adult total (% of people ages 15 and above)",SE.ADT.LITR.ZS,76.11044312,81.62801107,90.54994507,88.36740494,91.31853867,91.44898987,91.02983856,91.80643463,91.91923523,93.17083359,92.57142857,96,85,94,93.71428571,87,94.85714286,97.84615385,93.18771159,96.06196289,96.03356648,93.68250084,91,97.15232536,100
Costa Rica,CRI,"Literacy rate, adult total (% of people ages 15 and above)",SE.ADT.LITR.ZS,95,85.28501383,89.86868821,88.89364815,90.477808,90.67348481,90.54475784,91.20965194,91.37885285,93.25625038,92.35714286,97,90,93.75,93.57142857,87.41666667,94.78571429,98.07692308,92.28156738,96.59294434,96.05034971,98.04000092,91.375,97.11841837,100
Caribbean small states,CSS,"Literacy rate, adult total (% of people ages 15 and above)",SE.ADT.LITR.ZS,88.67469025,88.9420166,89.18743134,89.41989136,89.63707733,89.89797974,90.05967712,90.61286926,90.83847046,93.34166718,92.14285714,97.4,95,93.5,93.42857143,87.83333333,94.71428571,98.30769231,91.37542318,97.12392578,96.06713295,98.85655594,91.75,97.08451139,100
Cuba,CUB,"Literacy rate, adult total (% of people ages 15 and above)",SE.ADT.LITR.ZS,88.83324369,90.95651245,100,89.6019605,89.82702446,90.09287898,88.50879738,93.40857951,89.39860951,93.42708397,91.92857143,97.8,100,93.25,93.28571429,88.25,94.64285714,98.53846154,90.46927897,97.65490723,96.08391619,99.67311096,92.125,97.0506044,100
Curacao,CUW,"Literacy rate, adult total (% of people ages 15 and above)",SE.ADT.LITR.ZS,88.99179713,92.9710083,98.55555556,89.78402964,90.01697159,90.28777822,86.95791764,96.20428975,87.95874856,93.51250076,91.71428571,98.2,98.88888889,93,93.14285714,88.66666667,94.57142857,98.76923077,89.56313476,97.50872318,96.10069943,99.56874084,92.5,97.01669742,100
Cayman Islands,CYM,"Literacy rate, adult total (% of people ages 15 and above)",SE.ADT.LITR.ZS,89.15035057,94.98550415,97.11111111,89.96609879,90.20691872,90.48267746,85.40703791,99,86.51888761,93.59791756,91.5,98.6,97.77777778,92.75,93,89.08333333,94.5,99,88.65699056,97.36253912,96.11748266,99.46437073,92.875,96.98279043,100
Cyprus,CYP,"Literacy rate, adult total (% of people ages 15 and above)",SE.ADT.LITR.ZS,89.30890401,97,95.66666667,90.14816793,90.39686584,90.6775767,83.85615817,97.42857143,85.07902666,93.68333435,91.28571429,99,96.66666667,92.5,92.85714286,89.5,94.42857143,98.62128788,87.75084635,97.21635507,96.1342659,99.36000061,93.25,96.94888345,100
Czechia,CZE,"Literacy rate, adult total (% of people ages 15 and above)",SE.ADT.LITR.ZS,89.46745745,96.23929215,94.22222222,90.33023707,90.58681297,90.87247594,82.30527843,95.85714286,83.63916571,93.76875114,91.07142857,97.5,95.55555556,92.25,92.71428571,89.91666667,94.35714286,98.24257575,86.84470215,97.07017101,96.15104914,98.99080944,93.625,96.91497646,100
Germany,DEU,"Literacy rate, adult total (% of people ages 15 and above)",SE.ADT.LITR.ZS,89.6260109,95.47858429,92.77777778,90.51230622,90.7767601,91.06737519,80.75439869,94.28571429,82.19930475,93.85416794,90.85714286,96,94.44444444,92,92.57142857,90.33333333,94.28571429,97.86386363,85.93855794,96.92398696,96.16783238,98.62161827,94,96.88106947,100
Djibouti,DJI,"Literacy rate, adult total (% of people ages 15 and above)",SE.ADT.LITR.ZS,89.78456434,94.71787644,91.33333333,90.69437536,90.96670723,91.26227443,79.20351895,92.71428571,80.7594438,93.93958473,90.64285714,94.5,93.33333333,91.75,92.42857143,90.75,94.21428571,97.4851515,85.03241373,96.7778029,96.18461561,98.2524271,94.375,96.84716249,100
Dominica,DMA,"Literacy rate, adult total (% of people ages 15 and above)",SE.ADT.LITR.ZS,89.94311778,93.95716858,89.88888889,90.8764445,91.15665436,91.45717367,77.65263921,91.14285714,79.31958285,94.02500153,90.42857143,93,92.22222222,91.5,92.28571429,91.16666667,94.14285714,97.10643938,84.12626953,96.63161885,96.20139885,97.88323593,94.75,96.8132555,100
Denmark,DNK,"Literacy rate, adult total (% of people ages 15 and above)",SE.ADT.LITR.ZS,90.10167122,93.19646073,88.44444444,91.05851364,91.34660149,91.65207291,76.10175948,89.57142857,77.8797219,94.11041832,90.21428571,91.5,91.11111111,91.25,92.14285714,91.58333333,94.07142857,96.72772725,83.22012532,96.48543479,96.21818209,97.51404476,95.125,96.77934852,100
Dominican Republic,DOM,"Literacy rate, adult total (% of people ages 15 and above)",SE.ADT.LITR.ZS,90.26022466,92.43575287,87,91.24058279,91.53654861,91.84697215,74.55087974,88,76.43986095,94.19583511,90,90,90,91,92,92,94,96.34901513,82.31398112,96.33925074,96.23496533,97.14485359,95.5,96.74544153,100
Algeria,DZA,"Literacy rate, adult total (% of people ages 15 and above)",SE.ADT.LITR.ZS,90.4187781,91.67504502,70,91.42265193,91.72649574,92.04187139,73,90.89421845,75,94.28125191,92.27278137,92.11821366,92.23065185,92.78461457,93.49607086,93.59926987,94.70074845,95.970303,81.40783691,96.19306668,96.25174856,96.77566242,96.02337647,96.71153455,100
East Asia & Pacific (excluding high income),EAP,"Literacy rate, adult total (% of people ages 15 and above)",SE.ADT.LITR.ZS,90.57733154,90.91433716,91.25837708,91.60472107,91.91644287,92.23677063,92.58711243,93.78843689,94.08830261,94.3666687,94.54556274,94.23642731,94.46130371,94.56922913,94.99214172,95.19853973,95.40149689,95.59159088,95.63213348,96.04688263,96.2685318,96.40647125,96.54675293,96.67762756,100
Early-demographic dividend,EAR,"Literacy rate, adult total (% of people ages 15 and above)",SE.ADT.LITR.ZS,68.27494812,68.86483765,69.49545288,70.43015289,71.09046936,71.08133698,71.11062622,72.08509064,72.94660187,73.71276855,75.29827881,75.36026001,75.60447693,76.30715942,77.0951004,78.01100922,78.67870331,78.93888092,79.2979126,79.56617737,80.07386017,80.50227356,81.00576019,81.49595642,100
East Asia & Pacific,EAS,"Literacy rate, adult total (% of people ages 15 and above)",SE.ADT.LITR.ZS,90.32185364,90.63564301,90.98982239,91.36144257,91.6944809,92.02960968,92.37918854,93.51249695,93.81617737,94.08518219,94.20017242,93.86460114,94.09501648,94.20693207,94.71124268,94.92791748,95.13195801,95.32305145,95.36943054,95.80687714,96.02870178,96.16493225,96.30092621,96.43048859,100
Europe & Central Asia (excluding high income),ECA,"Literacy rate, adult total (% of people ages 15 and above)",SE.ADT.LITR.ZS,95.11637878,95.27252197,95.42579651,95.56822205,95.68714142,95.97032928,95.8777771,96.04781342,96.17410278,96.99658966,97.54811859,97.96994019,98.21566772,98.30252075,98.36765289,98.42497253,98.52690125,98.64160919,98.69303894,98.8225708,98.86509705,98.91927338,98.96550751,98.99172211,100
Europe & Central Asia,ECS,"Literacy rate, adult total (% of people ages 15 and above)",SE.ADT.LITR.ZS,96.65251923,96.75279999,96.91116333,97.00517273,97.0912323,97.21016693,97.27015686,97.35178375,97.47324371,97.7307663,97.89465332,98.03515625,98.13265991,98.19622803,98.2387085,98.28185272,98.33891296,98.41797638,98.50179291,98.56401062,98.60382843,98.64627838,98.66442108,98.68871307,100
Ecuador,ECU,"Literacy rate, adult total (% of people ages 15 and above)",SE.ADT.LITR.ZS,97.21043269,91,85.9333725,93.24235916,97.07298584,82.10508347,81.63507843,92,92,92,92,92,92,93,94,94,94,93,93.01897431,94.91772291,94,94,94,95.04025353,100
"Egypt, Arab Rep.",EGY,"Literacy rate, adult total (% of people ages 15 and above)",SE.ADT.LITR.ZS,97.76834615,87.4315424,74.95558167,89.47954559,97.05473938,67,66,93.5,83,93.5,72,93.5,74,72,95,95,95,71,87.5361557,91.27143521,95.25,95.17400055,74.5,91.39179399,100
Euro area,EMU,"Literacy rate, adult total (% of people ages 15 and above)",SE.ADT.LITR.ZS,98.32625962,83.86308479,63.97779083,85.71673203,97.03649292,77.33333333,76.66666667,95,74,95,80.66666667,95,82,80.66666667,96,96,96,67.15423584,82.0533371,87.6251475,96.5,96.3480011,73.27331325,87.74333445,100
Eritrea,ERI,"Literacy rate, adult total (% of people ages 15 and above)",SE.ADT.LITR.ZS,98.88417308,80.29462719,53,81.95391846,97.01824646,87.66666667,87.33333333,96.5,65,96.5,89.33333333,96.5,90,89.33333333,97,97,97,63.30847168,76.57051849,83.97885979,97.75,97.52200165,72.0466265,84.09487491,100
Spain,ESP,"Literacy rate, adult total (% of people ages 15 and above)",SE.ADT.LITR.ZS,99.44208654,76.72616959,54.98703003,78.19110489,97,98,98,98,98,98,98,98,98,98,98,98,98,59.46270752,98,80.33257209,99,98.6960022,70.81993975,80.44641537,100
Estonia,EST,"Literacy rate, adult total (% of people ages 15 and above)",SE.ADT.LITR.ZS,100,73.15771198,56.97406006,74.42829132,66.45000077,63.9101696,89.18146515,68.5,89.20208264,88.99112225,89.0669775,100,89.13829517,89.28076744,89.39081764,89.49190521,72.7457943,55.61694336,89.77106476,76.68628438,90.66704941,99.87000275,69.593253,76.79795583,100
Ethiopia,ETH,"Literacy rate, adult total (% of people ages 15 and above)",SE.ADT.LITR.ZS,87.31530635,69.58925438,58.96109009,70.66547776,35.90000153,29.8203392,80.3629303,39,80.40416527,79.98224449,80.133955,87.42664973,80.27659035,80.56153488,80.78163529,80.98381043,47.49158859,51.7711792,81.54212952,73.03999667,82.33409882,88.50858307,68.36656625,73.14949629,100
European Union,EUU,"Literacy rate, adult total (% of people ages 15 and above)",SE.ADT.LITR.ZS,74.63061269,66.02079677,60.94812012,66.90266419,49.80819512,46.87941551,71.54439545,50.69272423,71.60624791,70.97336674,71.2009325,74.85329946,71.41488552,71.84230232,72.17245293,72.47571564,55.9711628,58.42876435,73.31319427,69.39370897,74.00114822,77.14716339,67.1398795,69.50103675,100
Fragile and conflict affected situations,FCS,"Literacy rate, adult total (% of people ages 15 and above)",SE.ADT.LITR.ZS,61.94591904,62.45233917,62.93515015,63.13985062,63.7163887,63.93849182,62.7258606,62.38544846,62.80833054,61.96448898,62.26791,62.27994919,62.55318069,63.12306976,63.56327057,63.96762085,64.450737,65.08634949,65.08425903,65.74742126,65.66819763,65.78574371,65.91319275,65.85257721,100
Finland,FIN,"Literacy rate, adult total (% of people ages 15 and above)",SE.ADT.LITR.ZS,61.50748359,64.68884989,67.56825638,60.12713693,63.29439417,63.51797056,62.28872427,63.32521157,62.44006634,64.10018971,63.23814222,63.26777749,65.84161695,61.35865148,68.11786175,62.88698578,65.51809626,69.3255558,69.40543461,64.91164427,67.30284203,69.63117599,69.2093277,65.85542107,100
Fiji,FJI,"Literacy rate, adult total (% of people ages 15 and above)",SE.ADT.LITR.ZS,61.06904814,66.92536061,72.20136261,57.11442323,62.87239965,63.0974493,61.85158794,64.26497468,62.07180214,66.23589045,64.20837444,64.25560578,69.1300532,59.59423319,72.67245293,61.80635071,66.58545552,73.56476212,73.72661018,64.07586728,68.93748643,73.47660827,72.50546265,65.85826492,100
France,FRA,"Literacy rate, adult total (% of people ages 15 and above)",SE.ADT.LITR.ZS,60.63061269,69.16187134,76.83446884,54.10170954,62.45040512,62.67692804,61.4144516,65.20473779,61.70353795,68.37159118,65.17860667,65.24343408,72.41848946,57.82981491,77.22704411,60.72571564,67.65281478,77.80396843,78.04778576,63.24009029,70.57213084,77.32204056,75.8015976,65.86110878,100
Faroe Islands,FRO,"Literacy rate, adult total (% of people ages 15 and above)",SE.ADT.LITR.ZS,60.19217724,71.39838206,81.46757508,51.08899585,62.02841059,62.25640678,60.97731527,66.1445009,61.33527375,70.50729192,66.14883889,66.23126237,75.70692571,56.06539662,81.78163529,59.64508057,68.72017404,82.04317475,82.36896134,62.4043133,72.20677524,81.16747284,79.09773254,65.86395264,100
"Micronesia, Fed. Sts.",FSM,"Literacy rate, adult total (% of people ages 15 and above)",SE.ADT.LITR.ZS,59.7537418,73.63489278,86.10068131,48.07628216,61.60641606,61.83588552,60.54017894,67.08426401,60.96700955,72.64299265,67.11907111,67.21909067,78.99536197,54.30097834,86.33622646,58.5644455,69.7875333,86.28238106,86.69013691,61.56853631,73.84141964,85.01290512,82.39386749,65.86679649,100
Gabon,GAB,"Literacy rate, adult total (% of people ages 15 and above)",SE.ADT.LITR.ZS,59.31530635,75.8714035,90.73378754,45.06356846,61.18442154,61.41536427,60.10304261,68.02402712,60.59874535,74.77869339,68.08930333,68.20691897,82.28379822,52.53656005,90.89081764,57.48381043,70.85489257,90.52158737,91.01131249,60.73275932,75.47606404,88.8583374,85.69000244,65.86964035,100
United Kingdom,GBR,"Literacy rate, adult total (% of people ages 15 and above)",SE.ADT.LITR.ZS,58.8768709,78.10791422,95.36689377,42.05085477,60.76242701,60.99484301,59.66590627,68.96379023,60.23048115,76.91439412,69.05953556,69.19474726,81.92681503,50.77214177,95.44540882,56.40317535,71.92225183,94.76079369,95.33248806,59.89698234,77.11070845,80.15267029,92.84500122,65.87248421,100
Georgia,GEO,"Literacy rate, adult total (% of people ages 15 and above)",SE.ADT.LITR.ZS,58.43843545,80.34442495,100,39.03814108,60.34043248,60.57432175,59.22876994,69.90355334,59.86221695,79.05009486,70.02976778,70.18257556,81.56983185,49.00772349,100,55.32254028,72.98961109,99,99.65366364,59.06120535,78.74535285,71.44700317,100,65.87532806,100
Ghana,GHA,"Literacy rate, adult total (% of people ages 15 and above)",SE.ADT.LITR.ZS,58,82.58093567,96.9,36.02542739,59.91843796,60.15380049,58.79163361,70.84331645,59.49395276,81.18579559,71,71.17040385,81.21284867,47.2433052,77.33333333,54.24190521,74.05697035,64.49239349,79.76910909,58.22542836,80.37999725,62.74133606,89.66749954,65.87817192,100
Gibraltar,GIB,"Literacy rate, adult total (% of people ages 15 and above)",SE.ADT.LITR.ZS,51,84.81744639,93.8,33.01271369,59.49644343,59.73327923,58.35449728,71.78307956,59.12568856,83.32149633,48,72.15823215,80.85586548,45.47888692,54.66666667,53.16127014,75.12432961,64.36674804,59.88455455,57.38965137,80.85802945,54.03566894,79.33499908,65.88101578,100
Guinea,GIN,"Literacy rate, adult total (% of people ages 15 and above)",SE.ADT.LITR.ZS,44,87.05395711,90.7,30,59.0744489,59.31275797,57.91736094,72.72284267,58.75742436,85.45719706,25,73.14606045,80.4988823,43.71446863,32,52.08063507,76.19168887,64.2411026,40,56.55387438,81.33606165,45.33000183,69.00249863,65.88385963,100
"Gambia, The",GMB,"Literacy rate, adult total (% of people ages 15 and above)",SE.ADT.LITR.ZS,37,89.29046783,87.6,31.77213141,58.65245438,58.89223671,57.48022461,73.66260579,58.38916016,87.5928978,48.12351227,74.13388874,80.14189911,41.95005035,38.79058075,51,77.25904813,64.11545715,53.16019821,55.71809739,81.81409385,51.63740158,58.66999817,65.88670349,100
Guinea-Bissau,GNB,"Literacy rate, adult total (% of people ages 15 and above)",SE.ADT.LITR.ZS,41,91.52697856,84.5,33.54426281,58.23045985,58.47171545,57.04308828,74.6023689,58.02089596,89.72859853,71.24702453,75.12171704,79.78491592,47.79170863,45.5811615,55.86584854,78.32640739,63.9898117,57.80016518,54.8823204,82.29212605,52.75886885,53.90000153,65.88954735,100
Equatorial Guinea,GNQ,"Literacy rate, adult total (% of people ages 15 and above)",SE.ADT.LITR.ZS,88,93.76348928,81.4,35.31639422,57.80846532,58.05119419,56.60595195,75.54213201,57.65263176,91.86429927,94.3705368,76.10954534,79.42793274,53.6333669,52.6649292,60.73169708,79.39376665,63.86416626,62.44013214,58.29408836,82.77015825,53.88033613,59.72623597,65.8923912,100
Greece,GRC,"Literacy rate, adult total (% of people ages 15 and above)",SE.ADT.LITR.ZS,90.31199951,96,78.3,37.08852562,57.38647079,57.63067293,56.16881561,76.48189512,57.28436757,94,93.32936604,77.09737363,79.07094956,59.47502518,59.7486969,65.59754563,80.46112591,63.73852081,67.08009911,61.70585632,83.24819044,55.0018034,65.5524704,65.89523506,100
Grenada,GRD,"Literacy rate, adult total (% of people ages 15 and above)",SE.ADT.LITR.ZS,92.62399902,94,75.2,38.86065703,56.96447627,57.21015167,55.73167928,77.42165823,56.91610337,92.19880219,92.28819529,78.08520193,78.71396637,65.31668345,66.8324646,70.46339417,81.52848517,63.61287536,71.72006607,65.11762428,83.72622264,56.12327067,71.37870484,65.89807892,100
Greenland,GRL,"Literacy rate, adult total (% of people ages 15 and above)",SE.ADT.LITR.ZS,94.93599854,92,72.1,40.63278844,56.54248174,56.78963041,55.29454295,78.36142134,56.54783917,90.39760437,91.24702453,79.07303022,78.35698319,71.15834173,73.9162323,75.32924271,82.59584443,63.48722992,76.36003304,68.52939224,84.20425484,57.24473794,77.20493927,65.90092277,100
Guatemala,GTM,"Literacy rate, adult total (% of people ages 15 and above)",SE.ADT.LITR.ZS,97.24799805,90,69,42.40491984,56.12048721,56.36910916,54.85740661,79.30118445,56.17957497,88.59640656,90.20585378,80.06085852,78,77,81,80.19509125,83.6632037,63.36158447,81,71.9411602,84.68228704,58.36620522,83.03117371,65.90376663,100
Guam,GUM,"Literacy rate, adult total (% of people ages 15 and above)",SE.ADT.LITR.ZS,99.55999756,88,66.25295003,44.17705125,55.69849269,55.9485879,54.42027028,80.24094756,55.81131077,86.79520874,89.16468302,81.04868682,79.4,78.6,83.31986618,81.756073,84.73056296,63.23593902,82.2,75.35292816,85.16031924,59.48767249,86.53058625,65.90661049,100
Guyana,GUY,"Literacy rate, adult total (% of people ages 15 and above)",SE.ADT.LITR.ZS,89.83651428,86,63.50590007,45.94918266,55.27649816,55.52806664,53.98313395,81.18071067,55.44304657,84.99401093,88.12351227,82.03651511,80.8,80.2,85.63973236,83.31705475,85.79792222,63.11029358,83.4,78.76469612,85.63835144,60.60913976,90.02999878,65.90945434,100
High income,HIC,"Literacy rate, adult total (% of people ages 15 and above)",SE.ADT.LITR.ZS,80.11303101,84,60.7588501,47.72131406,54.85450363,55.10754538,53.54599762,82.12047378,55.07478238,77.29542828,87.08234151,83.02434341,82.2,81.8,86.09315491,84.8780365,86.86528148,62.98464813,84.6,82.17646408,80.3817215,61.73060703,83.91053391,65.9122982,100
"Hong Kong SAR, China",HKG,"Literacy rate, adult total (% of people ages 15 and above)",SE.ADT.LITR.ZS,70.38954773,82,58.01180013,49.49344547,54.4325091,54.68702412,53.10886128,83.06023689,54.70651818,69.59684563,86.04117076,84.0121717,83.6,83.4,86.54657745,86.43901825,87.93264074,62.85900268,85.8,85.58823204,75.12509156,62.85207431,77.79106903,65.91514206,100
Honduras,HND,"Literacy rate, adult total (% of people ages 15 and above)",SE.ADT.LITR.ZS,60.66606446,80,55.26475017,51.26557687,54.01051458,54.26650286,52.67172495,84,54.33825398,61.89826298,85,85,85,85,87,88,89,62.73335724,87,89,69.86846161,63.97354158,71.67160416,65.91798591,100
Heavily indebted poor countries (HIPC),HPC,"Literacy rate, adult total (% of people ages 15 and above)",SE.ADT.LITR.ZS,50.94258118,51.76231003,52.5177002,53.03770828,53.58852005,53.8459816,52.23458862,53.64733124,53.96998978,54.19968033,55.22880173,57.16463089,58.53034973,59.53842926,60.29661942,60.87498856,61.49433899,62.60771179,64.16165924,64.35105896,64.61183167,65.09500885,65.55213928,65.92082977,100
Croatia,HRV,"Literacy rate, adult total (% of people ages 15 and above)",SE.ADT.LITR.ZS,58.82383156,98,60.20077706,56.01885414,61.24797344,61.44629574,50.45980454,61.59025574,61.94929219,62.19326115,63.11316395,64.64358997,65.7571106,66.57314682,67.23922634,67.74094677,61.59284401,65.30878449,70.34828758,70.499506,70.77034569,99.44999695,71.61351395,71.96536446,100
Haiti,HTI,"Literacy rate, adult total (% of people ages 15 and above)",SE.ADT.LITR.ZS,66.70508194,92.94973755,67.88385392,59,68.90742684,69.04660988,48.68502045,69.53318024,69.92859459,70.18684197,70.99752617,72.12254906,72.98387146,73.60786438,74.18183327,74.60690499,61.69134903,68.00985718,76.53491593,76.64795304,76.92885972,99.27499771,77.67488861,78.00989914,100
Hungary,HUN,"Literacy rate, adult total (% of people ages 15 and above)",SE.ADT.LITR.ZS,74.58633232,87.8994751,75.56693077,71.41463471,76.56688023,76.64692402,66.61014939,77.47610474,77.907897,78.18042278,78.88188839,79.60150814,80.21063232,80.64258194,81.1244402,81.4728632,75.10365486,78.34846878,82.72154427,82.79640007,83.08737374,99.09999847,83.73626328,84.05443383,100
IBRD only,IBD,"Literacy rate, adult total (% of people ages 15 and above)",SE.ADT.LITR.ZS,82.4675827,82.84921265,83.25000763,83.82926941,84.22633362,84.24723816,84.53527832,85.41902924,85.8871994,86.1740036,86.76625061,87.08046722,87.43739319,87.6772995,88.06704712,88.33882141,88.51596069,88.68708038,88.90817261,88.94484711,89.24588776,89.47541046,89.79763794,90.09896851,100
IDA & IBRD total,IBT,"Literacy rate, adult total (% of people ages 15 and above)",SE.ADT.LITR.ZS,77.5923233,77.99107361,78.41320038,78.99893951,79.40499115,79.41223907,79.37136078,80.07466125,80.51754761,80.7899704,81.57679749,81.81272125,82.0486908,82.42360687,82.847229,83.31432343,83.70352936,83.9151535,84.23887634,84.3611908,84.59989929,84.82348633,85.10057831,85.35204315,100
IDA total,IDA,"Literacy rate, adult total (% of people ages 15 and above)",SE.ADT.LITR.ZS,56.0110817,56.71977997,57.43262863,58.22697067,58.85507965,58.98418045,57.74592972,57.93970871,58.52658081,58.97623825,60.80833054,60.99414063,61.03001022,62.15908813,62.91770172,64.3584671,65.75422668,66.36461639,67.31408691,68.00256348,68.28266907,68.75950623,69.15470123,69.51500702,100
IDA blend,IDB,"Literacy rate, adult total (% of people ages 15 and above)",SE.ADT.LITR.ZS,57.6583519,58.40943909,59.1355896,60.30315018,61.01641846,60.50519943,61.20518875,59.68865967,60.66439056,61.60240173,62.08919907,62.19781876,63.44921875,63.33293915,64.21697235,64.95767212,65.67326355,65.8370285,66.25102234,66.37684631,66.77944183,67.16327667,67.52667236,67.8960495,100
Indonesia,IDN,"Literacy rate, adult total (% of people ages 15 and above)",SE.ADT.LITR.ZS,56.42540169,57.14155388,57.85612488,58.74463082,90,59.36334038,92,58.3759842,92,93,61.12643433,93,61.63141441,62.45156479,95,95,95,66.23102951,96,67.58770752,96,68.34947205,68.73576737,69.09825516,100
IDA only,IDX,"Literacy rate, adult total (% of people ages 15 and above)",SE.ADT.LITR.ZS,55.19245148,55.87366867,56.57666016,57.18611145,57.77180862,58.22148132,56.01248169,57.06330872,57.45429993,57.65644836,60.16366959,60.38803864,59.81361008,61.57019043,62.26710129,64.05935669,65.79447174,66.62503052,67.83686829,68.79856873,69.01576233,69.53566742,69.94486237,70.30046082,100
Isle of Man,IMN,"Literacy rate, adult total (% of people ages 15 and above)",SE.ADT.LITR.ZS,58.3270429,58.43683434,60.66132813,60.16919223,58.78607058,62.97718506,59.50624085,60.23937156,62.56343994,60.91364464,63.14879054,64.69401932,64.65088806,66.25615234,66.81368103,65.1181469,69.83557739,69.8541921,70.34546662,72.15428332,71.38378085,69.68514156,72.97243119,73.65023041,100
India,IND,"Literacy rate, adult total (% of people ages 15 and above)",SE.ADT.LITR.ZS,61.46163432,61,64.7459961,63.152273,59.80033254,67.73288879,63,63.41543441,67.67257996,64.17084092,66.13391148,69,69.48816605,70.94211426,71.36026077,66.1769371,73.87668304,73.08335368,72.85406494,75.5099979,73.75179936,69.83461571,76,77,100
Not classified,INX,"Literacy rate, adult total (% of people ages 15 and above)",SE.ADT.LITR.ZS,64.59622574,66.28571429,68.83066406,66.13535378,60.8145945,72.48859253,69.33333333,66.59149725,72.78171997,67.4280372,69.11903243,73.28571429,74.32544403,75.62807617,75.90684052,67.23572731,77.9177887,76.31251526,75.36266327,78.86571249,76.11981788,69.98408985,80.31999969,79,100
Ireland,IRL,"Literacy rate, adult total (% of people ages 15 and above)",SE.ADT.LITR.ZS,67.73081716,71.57142857,72.91533203,69.11843456,61.82885647,77.24429626,75.66666667,69.76756009,77.89085999,70.68523348,72.10415338,77.57142857,79.16272202,80.31403809,80.45342026,68.29451752,81.95889435,79.54167684,77.8712616,82.22142707,78.4878364,70.133564,84.63999939,81,100
"Iran, Islamic Rep.",IRN,"Literacy rate, adult total (% of people ages 15 and above)",SE.ADT.LITR.ZS,70.86540858,76.85714286,77,72.10151534,62.84311843,82,82,72.94362294,83,73.94242976,75.08927432,81.85714286,84,85,85,69.35330772,86,82.77083842,80.37985993,85.57714166,80.85585491,70.28303814,88.95999908,83,100
Iraq,IRQ,"Literacy rate, adult total (% of people ages 15 and above)",SE.ADT.LITR.ZS,74,82.14285714,77.74432325,75.08459611,63.85738039,83.5,82.73333333,76.11968578,82.45454545,77.19962604,78.07439527,86.14285714,77,85.73333333,82,70.41209793,83,86,82.88845825,88.93285624,83.22387343,70.43251228,88.28444332,85,100
Iceland,ISL,"Literacy rate, adult total (% of people ages 15 and above)",SE.ADT.LITR.ZS,75,87.42857143,78.48864651,78.06767689,64.87164235,85,83.46666667,79.29574863,81.90909091,80.45682232,81.05951621,90.42857143,81.2,86.46666667,81.59162998,71.47088814,83.70264587,86.71428571,85.39705658,92.28857083,85.59189195,70.58198643,87.60888756,87,100
Israel,ISR,"Literacy rate, adult total (% of people ages 15 and above)",SE.ADT.LITR.ZS,76,92.71428571,79.23296976,81.05075767,65.88590431,86.5,84.2,82.47181147,81.36363636,83.7140186,84.04463716,94.71428571,85.4,87.2,81.18325997,72.52967835,84.40529175,87.42857143,87.90565491,95.64428541,87.95991047,70.73146057,86.9333318,89,100
Italy,ITA,"Literacy rate, adult total (% of people ages 15 and above)",SE.ADT.LITR.ZS,77,98,79.97729302,84.03383845,66.90016627,88,84.93333333,85.64787431,80.81818182,86.97121488,87.02975811,99,89.6,87.93333333,80.77488995,73.58846855,85.10793762,88.14285714,90.41425324,99,90.32792898,70.88093471,86.25777604,91,100
Jamaica,JAM,"Literacy rate, adult total (% of people ages 15 and above)",SE.ADT.LITR.ZS,78,97.21896172,80.72161627,87.01691922,67.91442823,89.5,85.66666667,88.82393716,80.27272727,90.22841116,90.01487905,97.5,93.8,88.66666667,80.36651993,74.64725876,85.8105835,88.85714286,92.92285156,99.09999975,92.6959475,71.03040886,85.58222029,93,100
Jordan,JOR,"Literacy rate, adult total (% of people ages 15 and above)",SE.ADT.LITR.ZS,79,96.43792343,81.46593952,90,68.92869019,91,86.4,92,79.72727273,93.48560744,93,96,98,89.4,79.95814991,75.70604897,86.51322937,89.57142857,95.43144989,99.19999949,95.06396602,71.179883,84.90666453,95,100
Japan,JPN,"Literacy rate, adult total (% of people ages 15 and above)",SE.ADT.LITR.ZS,80,95.65688515,82.21026278,89.96279678,69.94295216,91.22222222,87.13333333,85.38567607,79.18181818,96.74280372,96.39081573,95.61481781,97.77777778,90.13333333,79.5497799,76.76483917,87.21587524,90.28571429,95.85282644,99.29999924,97.43198453,71.32935714,84.23110877,94.95462723,100
Kazakhstan,KAZ,"Literacy rate, adult total (% of people ages 15 and above)",SE.ADT.LITR.ZS,81,94.87584686,82.95458603,89.92559357,70.95721412,91.44444444,87.86666667,78.77135213,78.63636364,100,99.78163147,95.22963562,97.55555556,90.86666667,79.14140988,77.82362938,87.91852112,91,96.27420298,99.39999898,99.80000305,71.47883129,83.55555301,94.90925446,100
Kenya,KEN,"Literacy rate, adult total (% of people ages 15 and above)",SE.ADT.LITR.ZS,82,94.09480858,83.69890928,89.88839035,71.97147608,91.66666667,88.6,72.1570282,78.09090909,99.5,98.95568412,94.84445343,97.33333333,91.6,78.73303986,78.88241959,88.62116699,91.71428571,96.69557953,99.49999873,99.25714547,71.62830543,82.87999725,94.86388168,100
Kyrgyz Republic,KGZ,"Literacy rate, adult total (% of people ages 15 and above)",SE.ADT.LITR.ZS,82.92385319,93.3137703,84.44323254,89.85118713,72.98573804,91.88888889,89.33333333,75.7975235,77.54545455,99,98.12973676,94.45927124,97.11111111,92.33333333,78.36651993,79.94120979,89.32381287,92.42857143,97.11695608,99.59999847,98.71428789,71.77777958,83.32999802,94.81850891,100
Cambodia,KHM,"Literacy rate, adult total (% of people ages 15 and above)",SE.ADT.LITR.ZS,83.84770639,92.53273201,85.18755579,89.81398392,74,92.11111111,90.06666667,79.4380188,77,76,97.30378941,94.07408905,96.88888889,93.06666667,78,81,90.02645874,93.14285714,97.53833262,98.66277313,98.17143031,71.92725372,83.77999878,94.77313614,100
Kiribati,KIR,"Literacy rate, adult total (% of people ages 15 and above)",SE.ADT.LITR.ZS,84.77155958,91.75169373,85.93187905,89.7767807,77.18370667,92.33333333,90.8,83.0785141,84,79.07338562,96.47784206,93.68890686,96.66666667,93.8,80.98912354,84.75,90.72910461,93.85714286,97.95970917,97.72554779,97.62857274,76.3882431,85.90327301,94.72776337,100
St. Kitts and Nevis,KNA,"Literacy rate, adult total (% of people ages 15 and above)",SE.ADT.LITR.ZS,85.69541277,90.97065544,86.6762023,89.73957748,80.36741333,92.55555556,91.53333333,86.7190094,91,82.14677124,95.65189471,93.30372467,96.44444444,94.53333333,83.97824707,88.5,91.43175049,94.57142857,98.37985611,96.78832245,97.08571516,80.84923248,88.02654724,94.6823906,100
"Korea, Rep.",KOR,"Literacy rate, adult total (% of people ages 15 and above)",SE.ADT.LITR.ZS,86.61926596,90.18961716,87.42052555,89.70237426,83.55112,92.77777778,92.26666667,90.3595047,98,85.22015686,94.82594735,92.91854248,96.22222222,95.26666667,86.96737061,92.25,92.13439636,95.28571429,98.80000305,95.8510971,96.54285758,85.31022186,90.14982147,94.63701782,100
Kuwait,KWT,"Literacy rate, adult total (% of people ages 15 and above)",SE.ADT.LITR.ZS,87.54311916,89.40857887,88.16484881,89.66517105,86.73482666,93,93,94,94,88.29354248,94,92.53336029,96,96,89.95649414,96,92.83704224,96,96,94.91387176,96,89.77121124,92.2730957,94.59164505,100
Latin America & Caribbean (excluding high income),LAC,"Literacy rate, adult total (% of people ages 15 and above)",SE.ADT.LITR.ZS,88.46697235,88.62754059,88.90917206,89.62796783,89.91853333,89.8635788,90.01100159,90.85434723,91.17228699,91.3669281,91.31896973,92.1481781,92.47815704,92.47155762,92.94561768,93.08236694,93.53968811,93.58692932,93.78939819,93.97664642,94.03729248,94.23220062,94.39636993,94.54627228,100
Lao PDR,LAO,"Literacy rate, adult total (% of people ages 15 and above)",SE.ADT.LITR.ZS,70,69,88.99815369,89.70595677,89.99415589,73,90.09955343,90.42717362,91.25846227,91.18346405,91.39667003,58.28794098,92.5317103,92.52364095,93.00168992,85,93.59445953,78.49173991,93.39469909,94.02315012,94.08329519,94.27580388,87.51999664,94.58689499,100
Lebanon,LBN,"Literacy rate, adult total (% of people ages 15 and above)",SE.ADT.LITR.ZS,73.80333252,73.03515015,89.08713532,89.78394572,90.06977845,76.46788177,90.18810527,90,91.34463755,91,91.47437032,65.1284668,92.58526357,92.57572429,93.05776215,86.6853714,93.64923096,63.39655049,93,94.06965383,94.12929789,94.31940714,88.94538116,94.6275177,100
Liberia,LBR,"Literacy rate, adult total (% of people ages 15 and above)",SE.ADT.LITR.ZS,77.60666504,77.07030029,89.17611695,89.86193466,90.14540101,79.93576355,90.27665711,42.94107819,91.43081284,91.21616745,91.55207062,71.96899262,92.63881683,92.62780762,93.11383438,88.3707428,93.70400238,48.30136108,93.27147675,94.11615753,94.1753006,94.36301041,90.37076568,94.66814041,100
Libya,LBY,"Literacy rate, adult total (% of people ages 15 and above)",SE.ADT.LITR.ZS,81.40999756,81.10545044,89.26509857,89.9399236,90.22102356,83.40364532,90.36520894,59.09092967,91.51698812,91.4323349,91.62977092,78.80951843,92.69237009,92.67989095,93.16990662,90.05611419,93.7587738,63.50072988,93.54295349,94.16266123,94.22130331,94.40661367,91.79615021,94.70876312,100
St. Lucia,LCA,"Literacy rate, adult total (% of people ages 15 and above)",SE.ADT.LITR.ZS,85.21333008,85.14060058,89.3540802,90.01791255,90.29664612,86.8715271,90.45376078,75.24078115,91.6031634,91.64850235,91.70747121,85.65004425,92.74592336,92.73197429,93.22597886,91.74148559,93.81354523,78.70009867,93.81443024,94.20916494,94.26730601,94.45021693,93.22153473,94.74938583,100
Latin America & Caribbean,LCN,"Literacy rate, adult total (% of people ages 15 and above)",SE.ADT.LITR.ZS,89.0166626,89.17575073,89.44306183,90.09590149,90.37226868,90.33940887,90.54231262,91.39063263,91.68933868,91.8646698,91.78517151,92.49057007,92.79947662,92.78405762,93.28205109,93.42685699,93.86831665,93.89946747,94.08590698,94.25566864,94.31330872,94.49382019,94.64691925,94.79000854,100
Least developed countries: UN classification,LDC,"Literacy rate, adult total (% of people ages 15 and above)",SE.ADT.LITR.ZS,52.22270966,52.94176865,53.686409,54.33137894,54.9566803,55.41690826,52.90525055,53.8373909,54.1764183,54.76594925,57.37931061,57.61626816,56.97109985,58.9826889,59.80447006,61.77787018,63.6640892,64.59895325,64.93852997,65.98403931,66.22281647,66.8311615,67.31300354,67.71456909,100
Low income,LIC,"Literacy rate, adult total (% of people ages 15 and above)",SE.ADT.LITR.ZS,51.39865875,52.0471611,52.71640015,53.11349106,53.58198166,53.99721146,52.17990112,53.41815948,54.31401062,54.82347107,55.31972885,57.35871887,57.80881119,58.65501022,59.0708313,59.74245834,60.42670059,61.48361969,61.45404053,61.52846909,61.69004059,62.18141174,62.63246155,63.03852844,100
Liechtenstein,LIE,"Literacy rate, adult total (% of people ages 15 and above)",SE.ADT.LITR.ZS,55.19987615,71.52358055,56.56037649,57.17390188,57.72027842,57.92681376,71.58995056,57.70941925,72.65700531,59.09406026,73.15986443,61.50909932,61.95779419,62.82320658,63.34617869,64.15652974,76.2133503,76.74180985,76.72702027,76.76423455,76.8450203,77.09070587,77.31623078,67.90295919,100
Sri Lanka,LKA,"Literacy rate, adult total (% of people ages 15 and above)",SE.ADT.LITR.ZS,59.00109354,91,60.40435282,61.23431269,61.85857519,61.85641607,91,62.00067901,91,63.36464946,91,65.65947978,66.10677719,66.99140294,67.62152608,68.57060115,92,92,92,92,92,92,92,72.76738993,100
Lower middle income,LMC,"Literacy rate, adult total (% of people ages 15 and above)",SE.ADT.LITR.ZS,62.80231094,63.52991867,64.24832916,65.29472351,65.99687195,65.78601837,65.76851654,66.29193878,66.94371796,67.63523865,69.5083313,69.80986023,70.25576019,71.1595993,71.89687347,72.98467255,73.73400116,74.26711273,75.07314301,75.24550629,75.88030243,76.48822784,77.0826416,77.63182068,100
Low & middle income,LMY,"Literacy rate, adult total (% of people ages 15 and above)",SE.ADT.LITR.ZS,77.2782135,77.68572235,78.11972809,78.71820068,79.13273621,79.14187622,79.09600067,79.80426788,80.25643921,80.53156281,81.33833313,81.58473206,81.82585144,82.20989227,82.63465118,83.10839081,83.50254059,83.72104645,84.05187225,84.17989349,84.42474365,84.65364075,84.93734741,85.17915344,100
Lesotho,LSO,"Literacy rate, adult total (% of people ages 15 and above)",SE.ADT.LITR.ZS,86,84.64964676,85.01026917,85.49609375,85.83329392,85.9727974,86.08856964,86.93781281,87.27058792,75.80020142,88.00985718,88.32335663,88.53873444,88.76921463,76.6352005,89.38061142,89.68836212,89.87834168,86.24086761,90.24472808,90.43134689,90.60902024,82.01000214,90.99180603,100
Late-demographic dividend,LTE,"Literacy rate, adult total (% of people ages 15 and above)",SE.ADT.LITR.ZS,91.30876923,91.61357117,91.90081024,92.27398682,92.53385162,92.80371857,93.08113861,94.07135773,94.28473663,94.5491333,94.68138123,95.0619812,95.25161743,95.32853699,95.49865723,95.65283203,95.87418365,96.0356369,96.18080902,96.30956268,96.43795013,96.56439972,96.6875,96.80445862,100
Lithuania,LTU,"Literacy rate, adult total (% of people ages 15 and above)",SE.ADT.LITR.ZS,94.20584615,100,90.05206021,90.62426619,85.77820968,89.04774984,93.06085396,92.37123247,87.73728053,88.12427775,93.03847227,100,90.87634786,93.80850359,92.24888103,94.19709639,96.15563774,95.88262405,94.04960802,96.49979248,94.93411532,99.83000183,93.46458308,95.36306624,100
Luxembourg,LUX,"Literacy rate, adult total (% of people ages 15 and above)",SE.ADT.LITR.ZS,97.10292308,97,88.20331019,88.97454557,79.02256775,85.29178111,93.0405693,90.67110721,81.18982442,81.6994222,91.3955633,100,86.50107829,92.28847018,88.99910482,92.74136075,96.43709183,95.7296112,91.91840702,96.69002228,93.43028051,99.86000061,90.24166616,93.92167386,100
Latvia,LVA,"Literacy rate, adult total (% of people ages 15 and above)",SE.ADT.LITR.ZS,100,94,86.35456016,87.32482494,72.26692581,81.53581238,93.02028465,88.97098195,74.64236832,75.27456665,89.75265434,100,82.12580872,90.76843678,85.74932862,91.28562511,96.71854591,95.57659836,89.78720601,96.88025207,91.9264457,99.88999939,87.01874924,92.48028149,100
"Macao SAR, China",MAC,"Literacy rate, adult total (% of people ages 15 and above)",SE.ADT.LITR.ZS,99.4,91,84.50581013,85.67510432,65.51128387,77.77984365,93,87.27085669,68.09491221,68.8497111,88.10974538,96,77.75053914,89.24840338,82.49955241,89.82988947,97,95.42358551,87.65600501,97.07048187,90.42261089,97.11000061,83.79583231,91.03888911,100
St. Martin (French part),MAF,"Literacy rate, adult total (% of people ages 15 and above)",SE.ADT.LITR.ZS,98.8,88.07605961,82.6570601,84.02538369,58.75564194,74.02387492,93.83333333,85.57073143,61.54745611,62.42485555,86.46683641,81.5,73.37526957,87.72836998,79.24977621,88.37415383,97.16666667,95.27057266,85.52480401,97.26071167,88.91877608,97.73250008,80.57291539,89.59749673,100
Morocco,MAR,"Literacy rate, adult total (% of people ages 15 and above)",SE.ADT.LITR.ZS,98.2,85.15211923,80.80831008,82.37566307,52,70.26790619,94.66666667,83.87060616,55,56,84.82392745,67,69,86.20833657,76,86.91841819,97.33333333,95.11755981,83.39360301,97.45094147,87.41494126,98.35499954,77.34999847,88.15610435,100
Monaco,MCO,"Literacy rate, adult total (% of people ages 15 and above)",SE.ADT.LITR.ZS,97.6,82.22817884,78.95956005,80.72594244,56.59264526,66.51193746,95.5,82.1704809,59.41704254,58.82697042,83.18101848,69.06477203,70,84.68830317,87.5,85.46268255,97.5,94.96454696,81.262402,97.64117127,85.91110645,98.97749901,77.39333343,86.71471197,100
Moldova,MDA,"Literacy rate, adult total (% of people ages 15 and above)",SE.ADT.LITR.ZS,97,79.30423846,77.11081002,79.07622182,61.18529053,62.75596873,96.33333333,80.47035564,63.83408508,61.65394083,81.53810952,71.12954407,71,83.16826977,99,84.00694691,97.66666667,94.81153412,79.131201,97.83140106,84.40727164,99.59999847,77.4366684,85.27331959,100
Madagascar,MDG,"Literacy rate, adult total (% of people ages 15 and above)",SE.ADT.LITR.ZS,71,76.38029807,75.26205999,77.42650119,65.77793579,59,97.16666667,78.77023038,68.25112763,64.48091125,79.89520056,73.1943161,72,81.64823637,99,82.55121127,97.83333333,94.65852127,77,98.02163086,82.90343683,74.68614197,77.48000336,83.83192722,100
Maldives,MDV,"Literacy rate, adult total (% of people ages 15 and above)",SE.ADT.LITR.ZS,96,73.45635769,73.41330997,75.77678057,70.37058106,67.28554535,98,77.07010512,72.66817017,70.24959183,78.25229159,75.25908814,74.99887085,80.12820296,99,81.09547563,98,94.50550842,78.12836075,98.21186066,81.39960202,97.86000061,79.0455513,82.39053484,100
"Middle East, North Africa, Afghanistan & Pakistan",MEA,"Literacy rate, adult total (% of people ages 15 and above)",SE.ADT.LITR.ZS,69.40158844,70.5324173,71.56455994,74.12705994,74.96322632,75.5710907,74.59211731,75.36997986,77.08521271,76.0182724,76.60938263,77.32386017,77.9977417,78.60816956,78.98551178,79.63973999,78.47634888,78.92874146,79.2567215,79.55386353,79.89576721,80.30119324,80.61109924,80.94914246,100
Mexico,MEX,"Literacy rate, adult total (% of people ages 15 and above)",SE.ADT.LITR.ZS,91,73.48191834,90,76.23418427,91,92,92,93,93,93,93,94,94,94,95,94,95,95,95,81.74110159,95,82.41809337,82.72688039,83.04222616,100
Marshall Islands,MHL,"Literacy rate, adult total (% of people ages 15 and above)",SE.ADT.LITR.ZS,84.98861313,76.43141937,84.90741349,78.34130859,85.93975449,86.43996811,86.49028397,87.34125901,87.56504822,87.70814514,88.13761902,98,88.83606339,89.02254486,89.74539185,89.48699569,90.18527603,90.27679825,90.47291183,83.92833964,90.70352554,84.53499349,84.84266154,85.13530985,100
Middle income,MIC,"Literacy rate, adult total (% of people ages 15 and above)",SE.ADT.LITR.ZS,78.97722626,79.38092041,79.81482697,80.44843292,80.87950897,80.87993622,80.98056793,81.68251801,82.13009644,82.41629028,83.27523804,83.41603088,83.67212677,84.04508972,84.49078369,84.97399139,85.37055206,85.5535965,85.94582367,86.1155777,86.40705109,86.65189362,86.95844269,87.22839355,100
North Macedonia,MKD,"Literacy rate, adult total (% of people ages 15 and above)",SE.ADT.LITR.ZS,81.73291969,77.20393219,96,52.22421646,79.36717377,84.58662415,53.49028397,80.02369995,80.73785248,80.67521057,57.13761902,57.20801544,97.59999847,82.44357605,82.85827942,58.9869957,82.91571426,83.62790375,60.47291184,86.83668328,58.70352555,89.41459656,85.14572601,85.4345932,100
Mali,MLI,"Literacy rate, adult total (% of people ages 15 and above)",SE.ADT.LITR.ZS,84.48861313,75.02694397,89.3787384,24,77.85483856,88.29331207,26,78.3648819,79.34560852,78.93413086,31,31,92.03141975,80.84206238,81.22577515,33,80.46087647,81.702211,35,87.55778885,31,92.1772995,83.33300934,83.64079284,100
Malta,MLT,"Literacy rate, adult total (% of people ages 15 and above)",SE.ADT.LITR.ZS,87.24430657,72.84995575,82.75747681,40.1479009,76.34250336,92,41.56006622,76.70606384,77.95336457,77.19305114,45.41136678,93,86.46284103,79.2405487,79.59327087,47.64789327,78.00603867,79.77651825,48.77103424,88.27889443,46.3536555,94.94000244,81.52029266,81.84699249,100
Myanmar,MMR,"Literacy rate, adult total (% of people ages 15 and above)",SE.ADT.LITR.ZS,90,70.67296753,76.13621521,56.2958018,74.83016815,82.97127915,57.12013245,75.04724579,76.56112061,75.45197143,59.82273356,83.76835633,80.89426231,77.63903503,77.9607666,62.29578654,75.55120087,77.8508255,62.54206848,89,61.70731099,86.20297623,79.70757599,80.05319213,100
"Middle East, North Africa, Afghanistan & Pakistan (excluding high income)",MNA,"Literacy rate, adult total (% of people ages 15 and above)",SE.ADT.LITR.ZS,67.30856323,68.49597931,69.51495361,72.4437027,73.31783295,73.94255829,72.68019867,73.38842773,75.16887665,73.71089172,74.23410034,74.53671265,75.32568359,76.03752136,76.32826233,76.94367981,75.46948242,75.92513275,76.31310272,76.7212677,77.06096649,77.46595001,77.89485931,78.25939178,100
Montenegro,MNE,"Literacy rate, adult total (% of people ages 15 and above)",SE.ADT.LITR.ZS,82.65428162,70.14638138,69.98661769,98,76.13046943,76.68698205,75.56650458,67.81149826,77.78195445,68.03316879,86.11705017,98,78.10473633,73.23001709,78.94021861,71.70775986,78.39123535,72.19384956,98.53440094,79.00610924,88.03048325,98.98000336,76.49273681,78.62304444,100
Mongolia,MNG,"Literacy rate, adult total (% of people ages 15 and above)",SE.ADT.LITR.ZS,98,71.79678345,70.45828177,81.33333333,78.94310591,79.43140581,78.4528105,62.23456878,80.39503225,62.35544586,98,96.2,80.88378906,70.42251282,81.55217489,66.47183991,81.31298828,68.46256638,96.89634705,81.29095078,99,90.97500229,75.09061432,78.98669711,100
Northern Mariana Islands,MNP,"Literacy rate, adult total (% of people ages 15 and above)",SE.ADT.LITR.ZS,82.33333333,73.44718552,70.92994586,64.66666667,81.75574239,82.17582957,81.33911641,56.65763931,83.00811005,56.67772293,90.66194382,94.4,83.66284179,67.61500854,84.16413117,61.23591995,84.23474121,64.73128319,96.58028921,83.57579231,79.5,82.97000122,73.68849182,79.35034977,100
Mozambique,MOZ,"Literacy rate, adult total (% of people ages 15 and above)",SE.ADT.LITR.ZS,66.66666667,75.09758759,71.40160994,48,84.56837887,84.92025333,84.22542233,51.08070983,85.62118785,51,83.32388764,92.6,86.44189453,64.80750427,86.77608744,56,87.15649414,61,96.26423137,85.86063385,60,74.96500015,72.28636932,79.71400243,100
Mauritania,MRT,"Literacy rate, adult total (% of people ages 15 and above)",SE.ADT.LITR.ZS,51,76.74798966,71.87327402,58.12398376,87.38101536,87.66467709,87.11172824,45.50378036,88.23426564,52.65612623,75.98583145,90.8,89.22094727,62,89.38804372,65.1120224,90.07824707,69.5,95.94817353,88.14547539,59.52965927,66.95999908,70.88424682,80.0776551,100
Mauritius,MUS,"Literacy rate, adult total (% of people ages 15 and above)",SE.ADT.LITR.ZS,84,78.39839172,72.3449381,68.24796753,90.19365184,90.40910085,89.99803416,58.79444217,90.84734344,54.31225247,68.64777527,89,92,91,92,93,93,78,95.63211568,90.43031693,64.84096337,92.15000153,69.48212433,80.44130776,100
Malawi,MWI,"Literacy rate, adult total (% of people ages 15 and above)",SE.ADT.LITR.ZS,83.66778994,80.04879379,72.81660219,78.37195129,93.00628832,93.15352461,92.88434007,72.08510399,93.46042124,55.9683787,61.30971909,88.75,81.83333333,90.49587822,65.14537048,62.14353943,94,86.5,95.31605784,92.71515846,70.15226746,94.35905711,68.08000183,80.80496042,100
Malaysia,MYS,"Literacy rate, adult total (% of people ages 15 and above)",SE.ADT.LITR.ZS,83.33557987,81.69919586,73.28826627,88.49593506,95.8189248,95.89794837,95.77064599,85.3757658,96.07349904,57.62450494,93,88.5,71.66666667,89.99175644,66.35919291,65.06796919,95,95,95,95,84.46127701,96.56811269,96,81.16861309,100
North America,NAC,"Literacy rate, adult total (% of people ages 15 and above)",SE.ADT.LITR.ZS,83.00336981,83.34959793,73.75993035,98.61991882,98.63156128,98.64237213,98.6569519,98.66642761,98.68657684,59.28063117,92.53846154,88.25,61.5,89.48763466,67.57301534,67.99239894,87.64426804,98.753479,98.75978851,98.76516724,98.77028656,98.77716827,98.77941132,81.53226575,100
Namibia,NAM,"Literacy rate, adult total (% of people ages 15 and above)",SE.ADT.LITR.ZS,82.67115975,85,74.23159443,87.71493911,97.27859204,75.42824809,97.97847748,76.48658752,86.78434753,60.93675741,92.07692308,88,51.33333333,88.98351288,68.78683777,70.9168287,80.28853607,98.52402242,89.57384395,95.00858403,98.6256159,92.25,78.55294037,81.89591841,100
New Caledonia,NCL,"Literacy rate, adult total (% of people ages 15 and above)",SE.ADT.LITR.ZS,82.33894968,49.5,74.70325852,76.80995941,95.92562279,52.21412404,97.30000305,76.82833862,74.88211823,62.59288364,91.61538462,84,41.16666667,88.4793911,70.00066019,73.84125846,72.93280411,98.29456583,80.3878994,91.25200081,98.48094524,82.55184682,58.32646942,82.25957108,100
Niger,NER,"Literacy rate, adult total (% of people ages 15 and above)",SE.ADT.LITR.ZS,82.00673962,14,75.1749226,65.90497971,94.57265355,29,83.65000153,77.17008972,62.97988892,64.24900988,91.15384615,80,31,87.97526932,71.21448262,76.76568822,65.57707214,98.06510925,71.20195484,87.4954176,98.33627458,72.85369365,38.09999847,82.62322374,100
Nigeria,NGA,"Literacy rate, adult total (% of people ages 15 and above)",SE.ADT.LITR.ZS,81.67452955,45.5,75.64658668,55,93.21968431,53.5,70,77.51184082,51.07765961,65.90513611,90.69230769,76,36.15055084,87.47114754,72.42830505,79.69011797,58.22134018,97.83565267,62.01601028,83.73883438,98.19160392,63.15554047,44.64444308,82.9868764,100
Nicaragua,NIC,"Literacy rate, adult total (% of people ages 15 and above)",SE.ADT.LITR.ZS,81.34231949,77,76.11825076,58.25,91.86671506,78,71.23697408,77.85359192,55.56795216,67.56126234,90.23076923,72,41.30110168,86.96702576,73.64212748,82.61454773,60.04125691,97.60619608,66.264009,79.98225117,98.04693326,65.15415574,51.1888877,83.35052906,100
Netherlands,NLD,"Literacy rate, adult total (% of people ages 15 and above)",SE.ADT.LITR.ZS,81.01010943,67.66666667,76.58991484,61.5,90.51374582,78.45248032,72.47394816,78.19534302,60.05824471,69.21738858,89.76923077,68,46.45165253,86.46290397,74.85594991,84.09818377,61.86117363,97.3767395,70.51200771,76.22566796,97.9022626,67.152771,57.73333231,83.71418173,100
Norway,NOR,"Literacy rate, adult total (% of people ages 15 and above)",SE.ADT.LITR.ZS,80.67789936,58.33333333,77.06157893,64.75,89.16077658,78.90496063,73.71092224,78.53709412,64.54853726,70.87351481,89.30769231,64,51.60220337,85.95878219,76.06977234,85.58181981,63.68109035,97.14728292,74.76000643,72.46908474,97.75759194,69.15138627,64.27777693,84.07783439,100
Nepal,NPL,"Literacy rate, adult total (% of people ages 15 and above)",SE.ADT.LITR.ZS,80.3456893,49,77.53324301,68,87.80780734,79.35744095,74.94789632,78.87884521,69.03882981,72.52964105,88.84615385,60,56.75275421,85.45466041,77.28359477,87.06545585,65.50100708,96.91782633,79.00800514,68.71250153,97.61292128,71.15000153,70.82222154,84.44148705,100
Nauru,NRU,"Literacy rate, adult total (% of people ages 15 and above)",SE.ADT.LITR.ZS,80.01347924,55.03448792,78.00490709,71.25,86.45483809,79.80992127,76.1848704,79.22059631,73.52912235,74.18576728,88.38461538,64.42066193,61.90330505,84.95053863,78.4974172,88.54909188,69.31764984,96.68836975,83.25600386,72.07803498,97.46825062,74.10194702,77.36666616,84.80513972,100
New Zealand,NZL,"Literacy rate, adult total (% of people ages 15 and above)",SE.ADT.LITR.ZS,79.68126917,61.06897583,78.47657117,74.5,85.10186885,80.26240158,77.42184448,79.56234741,78.0194149,75.84189352,87.92307692,68.84132385,67.05385589,84.44641685,79.71123962,90.03272792,73.1342926,96.45891317,87.50400257,75.44356842,97.32357996,77.05389252,83.91111077,85.16879238,100
OECD members,OED,"Literacy rate, adult total (% of people ages 15 and above)",SE.ADT.LITR.ZS,79.34905911,67.10346375,78.94823526,77.75,83.74889961,80.7148819,78.65881856,79.90409851,82.50970745,77.49801975,87.46153846,73.26198578,72.20440674,83.94229507,80.92506205,91.51636396,76.95093537,96.22945658,91.75200129,78.80910187,97.1789093,80.00583801,90.45555539,85.53244504,100
Oman,OMN,"Literacy rate, adult total (% of people ages 15 and above)",SE.ADT.LITR.ZS,79.01684904,73.13795166,79.41989934,81,82.39593036,81.16736221,79.89579264,80.24584961,87,79.15414599,87,77.6826477,77.35495758,83.43817329,82.13888448,93,80.76757813,96,96,82.17463531,91.47525025,82.95778351,97,85.89609771,100
Other small states,OSS,"Literacy rate, adult total (% of people ages 15 and above)",SE.ADT.LITR.ZS,78.68463898,79.17243958,79.89156342,80.48708344,81.04296112,81.61984253,81.13276672,80.58760071,81.33493042,80.81027222,81.61316681,82.10330963,82.50550842,82.93405151,83.35270691,84.14009857,84.58422089,84.98207855,85.29360962,85.54016876,85.77159119,85.909729,86.01009369,86.25975037,100
Pakistan,PAK,"Literacy rate, adult total (% of people ages 15 and above)",SE.ADT.LITR.ZS,85.34231949,76.30485726,77.04197026,83.61531258,83.36197408,50,54,52,56,55,55,55,57,56,57,87.42673238,87.72281393,59,57,58,88.51439413,87.89405386,83.40714169,83.673769,100
Panama,PAN,"Literacy rate, adult total (% of people ages 15 and above)",SE.ADT.LITR.ZS,92,73.43727494,74.1923771,86.74354172,85.68098704,69,71.5,71,69,54.93644878,94,55.28023856,75.5,69.33333333,75.5,90.71336619,90.86140696,76.5,95,96,91.25719706,89.87837873,80.80418968,81.08778763,100
Peru,PER,"Literacy rate, adult total (% of people ages 15 and above)",SE.ADT.LITR.ZS,92.5,70.56969262,71.34278393,89.87177086,88,88,89,90,82,54.87289756,85.89999962,55.56047712,94,82.66666667,94,94,94,94,94,96,94,91.86270359,78.20123768,78.50180626,100
Philippines,PHL,"Literacy rate, adult total (% of people ages 15 and above)",SE.ADT.LITR.ZS,93,67.7021103,68.49319077,93,82.02694397,81.93999634,82.50793762,83.08524628,95,54.80934634,77.79999924,55.84071568,86.85757217,96,87.17438202,98,87.41447983,86.02122752,87.95466766,96,98,93.84702846,75.59828568,75.91582489,100
Palau,PLW,"Literacy rate, adult total (% of people ages 15 and above)",SE.ADT.LITR.ZS,75,64.83452797,65.64359761,84.14310455,76.05388794,75.87999268,76.01587524,76.17049255,85.18183994,54.74579511,69.69999885,56.12095424,79.71514435,100,80.34876404,97,80.82895966,78.04245504,81.90933533,87.99654007,89.56670952,95.83135332,72.99533367,73.32984352,100
Papua New Guinea,PNG,"Literacy rate, adult total (% of people ages 15 and above)",SE.ADT.LITR.ZS,57,61.96694565,62.79400445,75.28620911,70.08083191,69.81998901,69.52381287,69.25573883,75.36367989,54.68224389,61.59999847,56.4011928,72.57271652,86.40326691,73.52314606,84.82534663,74.24343948,70.06368256,75.86400299,79.99308014,81.13341904,97.81567819,70.39238167,70.74386215,100
Poland,POL,"Literacy rate, adult total (% of people ages 15 and above)",SE.ADT.LITR.ZS,56.16444588,59.09936333,59.94441128,66.42931366,64.10777588,63.75998535,63.03175049,62.3409851,65.54551983,54.61869267,58.43322372,56.68143136,65.4302887,72.80653381,66.69752808,72.65069326,67.65791931,66.1044159,69.81867066,71.98962021,72.70012855,99.80000305,67.78942966,68.15788078,100
Pre-demographic dividend,PRE,"Literacy rate, adult total (% of people ages 15 and above)",SE.ADT.LITR.ZS,55.32889175,56.23178101,57.09481812,57.57241821,58.13471985,57.69998169,56.53968811,55.42623138,55.72735977,54.55514145,55.26644897,56.96166992,58.28786087,59.20980072,59.8719101,60.47603989,61.07239914,62.14514923,63.77333832,63.98616028,64.26683807,64.72286987,65.18647766,65.57189941,100
Puerto Rico (US),PRI,"Literacy rate, adult total (% of people ages 15 and above)",SE.ADT.LITR.ZS,56.13481744,56.39957164,61.08533631,57.76652292,64.90777588,57.92872708,63.83175049,65.31967353,77.86367989,64.41635609,92,69.30777995,67.21589565,68.15735054,68.65393258,69.35702992,69.55429936,92,81.88576508,71.23962021,71.95012855,92.40000153,71.74918213,66.29781869,100
"Korea, Dem. People's Rep.",PRK,"Literacy rate, adult total (% of people ages 15 and above)",SE.ADT.LITR.ZS,56.94074313,56.56736227,65.0758545,57.96062763,71.68083191,58.15747246,71.12381287,75.21311569,100,74.27757073,92.66666667,81.65388997,76.14393044,77.10490036,77.43595505,78.23801995,78.03619957,93.25,99.99819183,78.49308014,79.63341904,94.59000016,78.3118866,67.02373798,100
Portugal,PRT,"Literacy rate, adult total (% of people ages 15 and above)",SE.ADT.LITR.ZS,57.74666881,56.73515291,69.06637268,58.15473234,78.45388794,58.38621785,78.41587524,85.10655785,96.5,84.13878536,93.33333333,94,85.07196522,86.05245018,86.21797753,87.11900997,86.51809979,94.5,96.99909592,85.74654007,87.31670952,96.77999878,84.87459106,67.74965726,100
Paraguay,PRY,"Literacy rate, adult total (% of people ages 15 and above)",SE.ADT.LITR.ZS,58.5525945,56.90294354,73.05689087,58.34883704,85.22694397,58.61496324,85.70793762,95,93,94,94,94.5,94,95,95,96,95,95.75,94,93,95,97.09714181,91.43729553,68.47557655,100
West Bank and Gaza,PSE,"Literacy rate, adult total (% of people ages 15 and above)",SE.ADT.LITR.ZS,59.35852019,57.07073417,77.04740906,58.54294175,92,58.84370862,93,94,94,94,95,95,96,96,96,96,97,97,97,97,98,97.41428484,98,69.20149583,100
Pacific island small states,PSS,"Literacy rate, adult total (% of people ages 15 and above)",SE.ADT.LITR.ZS,60.16444588,57.2385248,81.03792725,58.73704646,91.25,59.07245401,88.98109484,93.75,94,94.25,95.25,95.25,96.25,96.25,96.5,92.72276878,93.7632227,93.83347893,93.57142857,93.87075329,95.43583679,97.73142787,95.28571429,69.92741511,100
Post-demographic dividend,PST,"Literacy rate, adult total (% of people ages 15 and above)",SE.ADT.LITR.ZS,60.97037156,57.40631544,85.02844544,58.93115117,90.5,59.3011994,84.96218968,93.5,94,94.5,95.5,95.5,96.5,96.5,97,89.44553757,90.52644539,90.66695785,90.14285714,90.74150658,92.87167358,98.04857091,92.57142857,70.6533344,100
French Polynesia,PYF,"Literacy rate, adult total (% of people ages 15 and above)",SE.ADT.LITR.ZS,61.77629725,57.57410607,89.01896362,59.12525588,89.75,59.52994479,80.94328451,93.25,94,94.75,95.75,95.75,96.75,96.75,97.5,86.16830635,87.28966809,87.50043678,86.71428571,87.61225987,90.30751037,98.36571394,89.85714286,71.37925368,100
Qatar,QAT,"Literacy rate, adult total (% of people ages 15 and above)",SE.ADT.LITR.ZS,62.58222294,57.7418967,93.00948181,59.31936059,89,59.75869017,76.92437935,93,94,95,96,96,97,97,98,82.89107514,84.05289078,84.33391571,83.28571429,84.48301316,87.74334717,98.68285697,87.14285714,72.10517296,100
Romania,ROU,"Literacy rate, adult total (% of people ages 15 and above)",SE.ADT.LITR.ZS,63.38814863,57.90968733,97,59.51346529,81.96904278,59.98743556,72.90547419,85.17098045,86.14907456,87.11450291,98,99,87.33333333,89.67643929,89,79.61384392,80.81611348,81.16739464,79.85714286,81.35376644,85.17918396,99,84.42857143,72.83109225,100
Russian Federation,RUS,"Literacy rate, adult total (% of people ages 15 and above)",SE.ADT.LITR.ZS,64.19407431,58.07747797,99,59.70757,74.93808556,60.21618095,68.88656903,77.34196091,78.29814911,79.22900582,100,88.20995331,77.66666667,82.35287857,80,76.3366127,77.57933617,78.00087357,76.42857143,78.22451973,82.61502075,100,81.71428571,73.55701153,100
Rwanda,RWA,"Literacy rate, adult total (% of people ages 15 and above)",SE.ADT.LITR.ZS,65,58.2452686,79.10156441,59.90167471,67.90712833,60.44492633,64.86766386,69.51294136,70.44722367,71.34350872,65.85227203,77.41990661,68,75.02931786,71,73.05938149,74.34255887,74.83435249,73,75.09527302,80.05085754,86.73950577,79,74.28293082,100
South Asia,SAS,"Literacy rate, adult total (% of people ages 15 and above)",SE.ADT.LITR.ZS,57.65058136,58.41305923,59.20312881,60.09577942,60.87617111,60.67367172,60.8487587,61.68392181,62.59629822,63.45801163,66.02896118,66.62985992,66.67658997,67.70575714,68.45516205,69.78215027,71.10578156,71.66783142,72.19206238,71.96602631,72.68318939,73.47901154,74.26526642,75.0088501,100
Saudi Arabia,SAU,"Literacy rate, adult total (% of people ages 15 and above)",SE.ADT.LITR.ZS,79,58.32049213,52.46875254,63.68620148,83,60.5262198,54.56583913,64.58621869,58.29814911,58.30534109,73.52172089,61.75323995,74.00744248,94,75.59137154,61.05234401,62.770401,95,66.44462204,63.58857473,98,79.60925866,68.73351034,77.15044294,100
Sudan,SDN,"Literacy rate, adult total (% of people ages 15 and above)",SE.ADT.LITR.ZS,61,58.22792504,45.73437627,67.27662354,73.4,60.37876788,48.28291957,67.48851558,54,53.15267054,81.01448059,56.87661997,81.33829499,69,82.72758103,52.32253774,54.43502045,73.5,60.6971817,55.21112315,97.66666667,85.73950577,63.20175425,79.29203579,100
Senegal,SEN,"Literacy rate, adult total (% of people ages 15 and above)",SE.ADT.LITR.ZS,77,58.13535794,39,70.86704559,63.8,60.23131596,42,70.39081246,60,48,88.5072403,52,88.66914749,44,89.86379051,43.59273148,46.09963989,52,46.60591125,46.83367157,97.33333333,91.86975289,57.66999817,81.43362863,100
Singapore,SGP,"Literacy rate, adult total (% of people ages 15 and above)",SE.ADT.LITR.ZS,93,58.04279084,41.38883495,74.45746765,54.2,60.08386404,52.5,73.29310935,66,57,96,96,96,97,97,97,97,97,97,97,97,98,54.65999858,83.57522147,100
Solomon Islands,SLB,"Literacy rate, adult total (% of people ages 15 and above)",SE.ADT.LITR.ZS,87.80316162,57.95022375,43.77766991,78.04788971,44.6,59.93641212,63,76.19540623,72,66,92,92.33333333,91.16305978,64.71308518,92.24041857,94,94,70.91658974,94.33333333,70.28889084,94.66666667,93.65888541,51.64999898,85.71681431,100
Sierra Leone,SLE,"Literacy rate, adult total (% of people ages 15 and above)",SE.ADT.LITR.ZS,82.60632324,57.85765665,46.16650486,81.63831177,35,59.78896019,73.5,79.09770312,78,75,88,88.66666667,86.32611956,32.42617035,87.48083714,91,91,44.83317947,91.66666667,43.57778168,92.33333333,89.31777082,48.63999939,87.85840716,100
El Salvador,SLV,"Literacy rate, adult total (% of people ages 15 and above)",SE.ADT.LITR.ZS,77.40948486,57.76508956,48.55533981,85.22873383,39.86565399,59.64150827,84,82,84,84,84,85,81.48917934,87,82.72125571,88,88,88,89,89,90,84.97665623,74.3199997,90,100
San Marino,SMR,"Literacy rate, adult total (% of people ages 15 and above)",SE.ADT.LITR.ZS,72.21264649,57.67252246,50.94417477,88.81915588,44.73130798,59.49405635,77.54072285,75.98953247,77.57012749,77.68801022,77.85688973,89.33333333,76.65223912,80.99798966,77.96167428,82.07082939,91.66666667,82.30657959,83.45320702,92.33333333,84.40506172,80.63554165,100,84.54824448,100
Somalia,SOM,"Literacy rate, adult total (% of people ages 15 and above)",SE.ADT.LITR.ZS,67.01580811,57.57995536,53.33300972,92.40957794,49.59696198,59.34660443,71.0814457,69.97906494,71.14025498,71.37602043,71.71377945,93.66666667,71.8152989,74.99597931,73.20209285,76.14165879,95.33333333,76.61315918,77.90641403,95.66666667,78.81012345,76.29442706,54,79.09648896,100
Serbia,SRB,"Literacy rate, adult total (% of people ages 15 and above)",SE.ADT.LITR.ZS,61.81896973,57.48738827,55.72184468,96,54.46261597,59.19915251,64.62216854,63.96859741,64.71038246,65.06403065,65.57066918,98,66.97835868,68.99396897,68.44251142,70.21248818,99,70.91973877,72.35962105,99,73.21518517,71.95331247,60.9661789,73.64473343,100
Sub-Saharan Africa (excluding high income),SSA,"Literacy rate, adult total (% of people ages 15 and above)",SE.ADT.LITR.ZS,56.62213135,57.39482117,58.11067963,58.64075089,59.32826996,59.05170059,58.16289139,57.95812988,58.28050995,58.75204086,59.4275589,60.91238022,62.14141846,62.99195862,63.68292999,64.28331757,64.87419128,65.22631836,66.81282806,67.43804169,67.62024689,67.61219788,67.93235779,68.19297791,100
South Sudan,SSD,"Literacy rate, adult total (% of people ages 15 and above)",SE.ADT.LITR.ZS,56.62483979,57.39748001,58.11329461,58.64332581,59.33079529,59.054245,58.16550064,57.9607544,27,58.75457573,59.43004989,60.91476059,62.1437149,62.9941845,63.6850853,64.28541565,64.87622452,65.22830963,34.52275848,67.43984604,67.62201691,67.61393738,67.93404389,68.1946106,100
Sub-Saharan Africa,SSF,"Literacy rate, adult total (% of people ages 15 and above)",SE.ADT.LITR.ZS,56.62754822,57.40013885,58.11590958,58.64590073,59.33332062,59.0567894,58.16810989,57.96337891,58.28564835,58.7571106,59.43254089,60.91714096,62.14601135,62.99641037,63.6872406,64.28751373,64.87825775,65.2303009,66.81656647,67.44165039,67.62378693,67.61567688,67.93572998,68.19624329,100
Small states,SST,"Literacy rate, adult total (% of people ages 15 and above)",SE.ADT.LITR.ZS,81.4542923,81.86342621,82.4238205,82.89437866,83.33364105,83.78720093,83.45960236,83.16928864,83.72524261,83.35756683,83.91326141,84.27381134,84.5370636,84.8219223,85.118927,85.68604279,86.0087738,86.30052185,86.53237915,86.74028778,86.90699768,87.02258301,87.10311127,87.28028107,100
Sao Tome and Principe,STP,"Literacy rate, adult total (% of people ages 15 and above)",SE.ADT.LITR.ZS,81.54524358,85,83.62084294,83.61118316,86.66682052,84.48305639,84.21237946,84.04766147,69.53639221,84.26906649,89.45663071,85.09797732,90,85.62849617,85.25015767,80.26031078,80.18979436,87.0701491,87.28610865,87.4384613,87.30249786,91.01129151,93.75,88.05994034,100
Suriname,SUR,"Literacy rate, adult total (% of people ages 15 and above)",SE.ADT.LITR.ZS,81.63619487,89.86666616,84.81786538,84.32798767,90,85.17891185,84.96515656,84.9260343,95,85.18056615,95,85.9221433,93,86.43507004,85.38138834,74.83457878,74.37081493,87.83977636,88.03983816,81.75740719,87.69799805,95,93.14940338,88.83959961,100
Slovak Republic,SVK,"Literacy rate, adult total (% of people ages 15 and above)",SE.ADT.LITR.ZS,81.72714615,94.73333231,86.01488781,85.04479217,88.71428571,85.87476731,85.71793366,85.80440712,94.90135574,86.09206581,92.02457237,86.74630928,93.139151,87.2416439,85.51261902,69.40884677,68.55183549,88.60940361,88.79356766,76.07635307,88.09349823,94.85714286,92.54880676,89.61925888,100
Slovenia,SVN,"Literacy rate, adult total (% of people ages 15 and above)",SE.ADT.LITR.ZS,81.81809743,99.59999847,87.21191025,85.76159668,87.42857143,86.57062276,86.47071076,86.68277995,94.80271149,87.00356547,89.04914475,87.57047526,93.278302,88.04821777,85.64384969,63.98311476,62.73285605,89.37903086,89.54729716,70.39529896,88.48899841,94.71428571,91.94821015,90.39891815,100
Sweden,SWE,"Literacy rate, adult total (% of people ages 15 and above)",SE.ADT.LITR.ZS,81.90904872,98.49932003,88.40893269,86.47840118,86.14285714,87.26647822,87.22348786,87.56115278,94.70406723,87.91506513,86.07371712,88.39464124,93.417453,88.85479164,85.77508036,58.55738276,56.91387662,90.14865812,90.30102666,64.71424484,88.8844986,94.57142857,91.34761353,91.17857742,100
Eswatini,SWZ,"Literacy rate, adult total (% of people ages 15 and above)",SE.ADT.LITR.ZS,82,97.39864158,89.60595513,87.19520568,84.85714286,87.96233368,87.97626496,88.43952561,94.60542297,88.82656478,83.09828949,89.21880722,93.556604,89.66136551,85.90631103,53.13165075,51.09489718,90.91828537,91.05475617,59.03319073,89.27999878,94.42857143,90.74701691,91.9582367,100
Sint Maarten (Dutch part),SXM,"Literacy rate, adult total (% of people ages 15 and above)",SE.ADT.LITR.ZS,70.8,96.29796314,90.80297756,87.91201019,83.57142857,88.65818914,88.72904205,89.31789843,94.50677872,89.73806444,88.54914475,90.0429732,93.69575501,90.46793938,86.03754171,47.70591875,45.27591775,91.68791262,91.80848567,53.35213661,92.73999786,94.28571429,78.05361367,92.73789597,100
Seychelles,SYC,"Literacy rate, adult total (% of people ages 15 and above)",SE.ADT.LITR.ZS,59.6,95.1972847,92,88.62881469,82.28571429,89.3540446,89.48181915,90.19627126,94.40813446,90.6495641,94,90.86713918,93.83490601,91.27451325,86.16877238,42.28018674,39.45693831,92.45753988,92.56221517,47.6710825,96.19999695,94.14285714,65.36021042,93.51755524,100
Syrian Arab Republic,SYR,"Literacy rate, adult total (% of people ages 15 and above)",SE.ADT.LITR.ZS,48.4,94.09660625,83,89.3456192,81,90.04990006,90.23459625,91.07464409,94.3094902,91.56106376,94.11919212,91.69130516,93.97405701,92.08108712,86.30000305,36.85445473,33.63795887,93.22716713,93.31594467,41.99002838,96.20541573,94,52.66680718,94.29721451,100
Turks and Caicos Islands,TCA,"Literacy rate, adult total (% of people ages 15 and above)",SE.ADT.LITR.ZS,37.2,92.99592781,85.71470642,90.0624237,54.5,90.74575551,90.98737335,91.95301691,94.21084594,92.47256342,94.23838424,92.51547114,94.11320801,92.88766098,89.17635091,31.42872273,27.81897944,93.99679438,94.06967418,36.30897426,96.21083451,94.78713989,39.97340393,95.07687378,100
Chad,TCD,"Literacy rate, adult total (% of people ages 15 and above)",SE.ADT.LITR.ZS,26,91.89524936,88.42941284,90.77922821,28,91.44161097,91.74015045,92.83138974,94.11220169,93.38406308,94.35757637,93.33963712,94.25235901,93.69423485,92.05269877,26.00299072,22,94.76642164,94.82340368,30.62792015,96.21625328,95.57427979,27.28000069,95.85653305,100
East Asia & Pacific (IDA & IBRD countries),TEA,"Literacy rate, adult total (% of people ages 15 and above)",SE.ADT.LITR.ZS,90.45250702,90.79457092,91.14411926,91.49603271,91.81237793,92.13746643,92.49292755,93.70976257,94.01355743,94.29556274,94.47676849,94.1638031,94.39151001,94.50080872,94.92904663,95.13800812,95.34355927,95.53604889,95.57713318,95.99716187,96.22167206,96.36141968,96.50356293,96.63619232,100
Europe & Central Asia (IDA & IBRD countries),TEC,"Literacy rate, adult total (% of people ages 15 and above)",SE.ADT.LITR.ZS,97.2419281,97.32436371,97.40515137,97.48059082,97.54106903,97.67980194,97.63809967,97.72180176,97.8286972,98.27427673,98.54540253,98.75524139,98.87976837,98.92591095,98.96221924,98.99674225,99.0506897,99.11125183,99.21199036,99.28002167,99.30409241,99.33437347,99.35745239,99.38118744,100
Togo,TGO,"Literacy rate, adult total (% of people ages 15 and above)",SE.ADT.LITR.ZS,53,95.63623352,95.75674896,95.95271454,96.05865326,95.83990097,57,96.41455536,96.56194763,57,97.27270127,60,97.63331299,96.46295548,97.79895325,64,95.51604462,98.04638672,96.60599518,67,98.28638611,96.71718597,95.22866058,98.4468277,100
Thailand,THA,"Literacy rate, adult total (% of people ages 15 and above)",SE.ADT.LITR.ZS,93,93.94810333,94.10834656,94.42483826,94.57623749,94,65.32701683,95.10730896,95.29519806,65.67012406,96,68.08205223,96.38685761,94,96.63568726,93,91.98139954,96.98152161,94,91.26914978,97.26867981,94.09999847,91.09986877,97.51246796,100
Tajikistan,TJK,"Literacy rate, adult total (% of people ages 15 and above)",SE.ADT.LITR.ZS,99,92.25997315,92.45994415,92.89696197,93.09382171,96.70000077,73.65403366,93.80006256,94.02844848,74.34024811,99.69999695,76.16410446,95.14040222,93.54410553,95.47242126,93.09935252,92.57218679,95.91665649,93.99325053,92.2312444,96.25097351,94.20078532,92.25366465,96.57810821,100
Turkmenistan,TKM,"Literacy rate, adult total (% of people ages 15 and above)",SE.ADT.LITR.ZS,93.85804367,90.57184296,90.81154175,91.36908569,91.61140594,99.40000153,81.98105049,92.49281616,92.76169891,83.01037216,95.64979172,84.24615669,93.89394684,93.08821106,94.30915527,93.19870504,93.16297404,94.85179138,93.98650106,93.19333903,95.23326721,94.30157216,93.40746053,95.64374847,100
Latin America & the Caribbean (IDA & IBRD countries),TLA,"Literacy rate, adult total (% of people ages 15 and above)",SE.ADT.LITR.ZS,88.71608734,88.88371277,89.16313934,89.84120941,90.12899017,90.09660339,90.30806732,91.18556976,91.49494934,91.68049622,91.59958649,92.32820892,92.64749146,92.63231659,93.14588928,93.29805756,93.75376129,93.78692627,93.97975159,94.15543365,94.21556091,94.40235901,94.56125641,94.70938873,100
Timor-Leste,TLS,"Literacy rate, adult total (% of people ages 15 and above)",SE.ADT.LITR.ZS,77.91140366,38,79.23423004,81.04893875,81.63198853,81.92899704,81.3944931,51,83.23999024,82.59381485,58,83.32994461,83.88368989,84.23280335,84.63460922,85.01949311,65.77912903,84.74498368,85.03511429,85.32732773,69.90000153,85.82471085,86.11860276,86.37511444,100
"Middle East, North Africa, Afghanistan & Pakistan (IDA & IBRD)",TMN,"Literacy rate, adult total (% of people ages 15 and above)",SE.ADT.LITR.ZS,67.10671997,68.29936981,69.30532074,72.25666809,73.13498688,73.76139069,72.48091888,73.19225311,74.98503113,73.50713348,74.03082275,74.3316803,75.11988831,75.8332901,76.12332916,76.74092865,75.24681091,75.70304108,76.09047699,76.4992218,76.84126282,77.24706268,77.6759491,78.04084015,100
Tonga,TON,"Literacy rate, adult total (% of people ages 15 and above)",SE.ADT.LITR.ZS,62.37865066,63.35621452,64.25422478,66.17622376,67.005579,67.21753121,99,67.43808746,68.79066468,68.48257255,70.02989196,99,70.89823914,71.76952362,72.2892456,73.26153946,73.17629624,73.68543625,74.14126969,91.05162048,74.76222611,99.40000153,75.97060776,76.52484513,100
South Asia (IDA & IBRD),TSA,"Literacy rate, adult total (% of people ages 15 and above)",SE.ADT.LITR.ZS,57.65058136,58.41305923,59.20312881,60.09577942,60.87617111,60.67367172,60.8487587,61.68392181,62.59629822,63.45801163,66.02896118,66.62985992,66.67658997,67.70575714,68.45516205,69.78215027,71.10578156,71.66783142,72.19206238,71.96602631,72.68318939,73.47901154,74.26526642,75.0088501,100
Sub-Saharan Africa (IDA & IBRD countries),TSS,"Literacy rate, adult total (% of people ages 15 and above)",SE.ADT.LITR.ZS,56.62754822,57.40013885,58.11590958,58.64590073,59.33332062,59.0567894,58.16810989,57.96337891,58.28564835,58.7571106,59.43254089,60.91714096,62.14601135,62.99641037,63.6872406,64.28751373,64.87825775,65.2303009,66.81656647,67.44165039,67.62378693,67.61567688,67.93572998,68.19624329,100
Trinidad and Tobago,TTO,"Literacy rate, adult total (% of people ages 15 and above)",SE.ADT.LITR.ZS,97.90000153,63.34297616,60.29272766,62.68789149,66.66666031,68.70452627,68.11207326,67.48168946,68.14282418,69.5047404,69.21627044,70.45857048,71.07300568,73.66427358,71.3436203,74.85834249,75.25217183,75.48686727,73.1458397,74.2208252,71.08587361,72.24200875,76.57532883,71.62415314,100
Tunisia,TUN,"Literacy rate, adult total (% of people ages 15 and above)",SE.ADT.LITR.ZS,96.75381143,69.28581346,62.46954575,66.72988224,74,78.35226313,78.05603663,77,78,80.2523702,79,80,80,84.33213679,79,85.42917124,85.62608592,85.74343363,79.47511292,81,74.54796028,76.86834063,85.21492767,75.05206299,100
Turkiye,TUR,"Literacy rate, adult total (% of people ages 15 and above)",SE.ADT.LITR.ZS,95.60762133,75.22865077,64.64636383,70.771873,87,88,88,89,80.5514768,91,93,94,95,95,95,96,96,96,82.05026373,97,78.01004696,81.4946725,84.14995066,78.47997284,100
Tuvalu,TUV,"Literacy rate, adult total (% of people ages 15 and above)",SE.ADT.LITR.ZS,94.46143123,81.17148808,66.82318192,74.81386376,87.86473999,88.71683197,82.33333333,89.77545776,83.10295359,91.48100586,80.40034867,93.95002136,86.5,94.81303253,94.88336792,87,87.03377279,95.75433655,84.62541453,96.64278259,81.47213364,86.12100438,83.08497365,81.90788269,100
Tanzania,TZA,"Literacy rate, adult total (% of people ages 15 and above)",SE.ADT.LITR.ZS,93.31524114,87.11432539,69,78.85585451,88.72947998,89.43366394,76.66666667,90.55091553,85.65443039,91.96201172,67.80069733,93.90004272,78,94.62606506,94.76673584,78,78.06754557,95.5086731,87.20056534,96.28556518,84.93422032,90.74733625,82.01999664,85.33579254,100
Uganda,UGA,"Literacy rate, adult total (% of people ages 15 and above)",SE.ADT.LITR.ZS,92.16905104,93.05716269,68,82.89784527,89.59421997,90.15049591,71,91.32637329,88.20590719,92.44301758,73,93.85006409,70,94.4390976,94.65010376,83.51311747,69.10131836,95.26300964,89.77571615,95.92834778,88.396307,95.37366813,80.58999634,88.76370239,100
Ukraine,UKR,"Literacy rate, adult total (% of people ages 15 and above)",SE.ADT.LITR.ZS,91.02286094,99,79.27069474,86.93983602,90.45895996,90.86732788,81.43408585,92.10183106,90.75738398,92.92402344,83.30459595,93.80008545,99.97434998,94.25213013,94.53347168,89.02623495,81.93124008,95.01734619,92.35086695,95.57113037,91.85839367,100,88.04268265,92.19161224,100
Upper middle income,UMC,"Literacy rate, adult total (% of people ages 15 and above)",SE.ADT.LITR.ZS,89.87667084,90.19641876,90.54138947,90.98182678,91.32369995,91.58415985,91.86817169,92.87728882,93.30886078,93.4050293,93.60919189,93.75010681,93.99739075,94.06516266,94.4168396,94.53935242,94.7611618,94.77168274,94.92601776,95.21391296,95.32048035,95.35308075,95.49536896,95.61952209,100
Uruguay,URY,"Literacy rate, adult total (% of people ages 15 and above)",SE.ADT.LITR.ZS,92.91778056,90.75713501,89.6512642,90.09506836,89.88773346,90.67121506,98,98,98,98,98,98,98,98,98,99,99,99,99,99,94.46317749,96.90205383,99,94.79317016,100
United States,USA,"Literacy rate, adult total (% of people ages 15 and above)",SE.ADT.LITR.ZS,95.95889028,91.31785126,88.76113892,89.20830993,88.45176697,89.75827026,96.26947191,97.25,96.37616815,97.5,96.46968418,97.25,96.51126438,99,99,99.5,99.5,97.57522244,99.5,99.5,93.60587464,98.45102692,99.5,93.96681823,100
Uzbekistan,UZB,"Literacy rate, adult total (% of people ages 15 and above)",SE.ADT.LITR.ZS,99,91.8785675,87.87101365,88.32155151,87.01580048,88.84532547,94.53894382,96.5,94.75233629,97,94.93936835,96.5,95.02252875,100,100,100,100,96.15044488,100,100,92.74857178,100,100,93.14046631,100
St. Vincent and the Grenadines,VCT,"Literacy rate, adult total (% of people ages 15 and above)",SE.ADT.LITR.ZS,97.2,92.43928375,86.98088837,87.43479309,85.57983399,87.93238067,92.80841573,95.75,93.12850444,96.5,93.40905253,95.75,93.53379313,97.84329987,97.44999949,98.5,98.5,94.72566732,98.06249673,99.2,91.89126892,98.18333308,98.79999924,92.31411438,100
"Venezuela, RB",VEN,"Literacy rate, adult total (% of people ages 15 and above)",SE.ADT.LITR.ZS,95.4,93,86.0907631,86.54803467,84.14386749,87.01943588,91.07788764,95,91.50467258,96,91.87873671,95,92.04505751,95.68659973,94.89999898,97,97,93.30088976,96.12499346,98.4,91.03396607,96.36666616,97.59999847,91.48776245,100
British Virgin Islands,VGB,"Literacy rate, adult total (% of people ages 15 and above)",SE.ADT.LITR.ZS,93.6,90.65719147,85.20063782,85.66127624,82.707901,86.10649109,89.34735955,92.60236053,89.88084073,95.33333333,90.34842088,92.88215637,90.55632188,93.5298996,92.34999848,94.73577576,94.80002136,91.87611219,94.18749019,97.6,90.17666321,94.54999924,97.06666565,90.66141052,100
Virgin Islands (U.S.),VIR,"Literacy rate, adult total (% of people ages 15 and above)",SE.ADT.LITR.ZS,91.8,88.31438294,84.31051255,84.77451782,81.27193451,85.19354629,87.61683146,90.20472107,88.25700887,94.66666667,88.81810506,90.76431274,89.06758626,91.37319946,89.79999797,92.47155151,92.60004272,90.45133463,92.24998692,96.8,89.31936035,92.73333231,96.53333282,89.83505859,100
Viet Nam,VNM,"Literacy rate, adult total (% of people ages 15 and above)",SE.ADT.LITR.ZS,90,85.9715744,83.42038727,83.8877594,79.83596802,84.2806015,85.88630337,87.8070816,86.63317702,94,87.28778924,88.64646912,87.57885064,89.21649933,87.24999746,90.20732727,90.40006409,89.02655707,90.31248365,96,88.46205749,90.91666539,96,89.00870667,100
Vanuatu,VUT,"Literacy rate, adult total (% of people ages 15 and above)",SE.ADT.LITR.ZS,85.48958969,83.62876587,82.530262,83.00100097,78.40000153,83.3676567,84.15577528,85.40944214,85.00934516,88.80433655,85.75747341,86.52862549,86.09011501,87.05979919,84.69999695,87.94310302,88.20008545,87.60177951,88.37498038,91.2739563,87.60475464,89.09999847,91.57766342,88.18235474,100
World,WLD,"Literacy rate, adult total (% of people ages 15 and above)",SE.ADT.LITR.ZS,80.97917938,81.28595734,81.64013672,82.11424255,82.44724274,82.45471191,82.42524719,83.01180267,83.38551331,83.6086731,84.22715759,84.41078186,84.60137939,84.90309906,85.28639221,85.67887878,86.00010681,86.17700195,86.43747711,86.5479126,86.74745178,86.92751312,87.15532684,87.35600281,100
Samoa,WSM,"Literacy rate, adult total (% of people ages 15 and above)",SE.ADT.LITR.ZS,80.97917938,81.28595734,79.11210938,82.11424255,72.99816132,82.45471191,82.42524719,84.508852,83.38551331,85.95650483,86.42036819,99,86.95103454,84.90309906,87.46479416,87.75915909,87.43439102,86.38275146,83.37644195,97.99025726,86.89796142,99.09999847,87.60443878,87.35600281,100
Kosovo,XKX,"Literacy rate, adult total (% of people ages 15 and above)",SE.ADT.LITR.ZS,80.97917938,81.28595734,76.58408203,82.11424255,63.54907989,82.45471191,82.42524719,86.00590134,83.38551331,88.30433655,88.6135788,97,89.3006897,84.90309906,89.64319611,89.83943939,88.86867523,86.58850098,80.3154068,96.99350484,87.04847107,96.06666565,88.05355072,87.35600281,100
"Yemen, Rep.",YEM,"Literacy rate, adult total (% of people ages 15 and above)",SE.ADT.LITR.ZS,80.97917938,81.28595734,74.05605469,82.11424255,54.09999847,82.45471191,82.42524719,87.50295067,83.38551331,90.65216828,90.8067894,95,91.65034485,84.90309906,91.82159805,91.9197197,90.30295944,86.79425049,77.25437164,95.99675242,87.19898071,93.03333282,88.50266266,87.35600281,100
South Africa,ZAF,"Literacy rate, adult total (% of people ages 15 and above)",SE.ADT.LITR.ZS,80.97917938,81.28595734,71.52802734,82.11424255,54.09999847,82.45471191,82.42524719,89,83.38551331,93,93,93,94,84.90309906,94,94,91.73724365,87,74.19333649,95,87.34949036,90,88.95177459,87.35600281,100
Zambia,ZMB,"Literacy rate, adult total (% of people ages 15 and above)",SE.ADT.LITR.ZS,80.97917938,81.28595734,69,82.11424255,54.09999847,82.45471191,82.42524719,61.12709045,83.38551331,93,83,88.29135514,94,84.90309906,91.34671021,94,91.73724365,87,71.13230133,94.11377335,87.5,90,89.40088653,87.35600281,100
Zimbabwe,ZWE,"Literacy rate, adult total (% of people ages 15 and above)",SE.ADT.LITR.ZS,80.97917938,81.28595734,69,82.11424255,54.09999847,82.45471191,82.42524719,61.12709045,83.38551331,93,83,83.58271027,94,84.90309906,88.69342041,94,91.73724365,87,71.13230133,93.22754669,87.5,90,89.84999847,87.35600281,100
